{"id":115,"data":{"title":"Blog","showHero":true,"heroTitle":"Blog","pageCssClass":"","autoGenerateUrl":true,"url":"/blog","metaTitle":"SonicJs Node.js CMS Blog","metaDescription":"The SonicJs Blog provides product updates on our Node.js CMS and enterprise application framework, reviews, Node.js tutorials, tips and tricks and more!","pageTemplate":"116","isPageTemplate":false,"submit":true,"contentType":"page","layout":[],"pageTemplateRegions":[{"regionId":"120","shortCodes":"[TITLE id=\"140\"][BLOG id=\"136\"]"}]},"contentTypeId":"page","createdByUserId":1,"lastUpdatedByUserId":1,"createdOn":"2021-04-29T13:44:11.481Z","updatedOn":"2021-07-07T00:43:13.394Z","url":"/blog","tags":""}