{"id":124,"data":{"title":"Blog Details","showHero":true,"heroTitle":"Blog Details Hero","pageCssClass":"","autoGenerateUrl":true,"url":"/blog-details","metaTitle":"","metaDescription":"","pageTemplate":"116","isPageTemplate":false,"submit":true,"contentType":"page","pageTemplateRegions":[{"regionId":"120","shortCodes":"[BLOG-DETAILS id=\"139\"]"}]},"contentTypeId":"page","createdByUserId":1,"lastUpdatedByUserId":1,"createdOn":"2021-04-29T15:59:50.441Z","updatedOn":"2021-04-29T15:59:50.441Z","url":"/blog-details","tags":""}