{"id":134,"data":{"adminEmail":"lane@sonicjs.com","fromName":"Lane @ SonicJs","emailMessageSubject":"SonicJs Message Received","emailMessageSubjectAdmin":"SonicJs Contact","emailMessageBody":"Hi {{contact.name}}, <br><br>Thanks for reaching out. We'll get back to you ASAP.<br><br>For your reference, here was your message:<br>{{contact.message}}","sendGridKey":"process.env.SENDGRID_API_KEY","submit":true,"formContentType":"contact","contentType":"contact-settings","url":"/contactsettings-GraE8e"},"contentTypeId":"contact-settings","createdByUserId":1,"lastUpdatedByUserId":1,"createdOn":"2021-04-29T20:51:02.224Z","updatedOn":"2021-04-29T20:51:02.224Z","url":"/contactsettings-GraE8e","tags":""}