{"id":144,"data":{"title":"Docs","contentType":"menu","links":[{"id":"rgf0lLMNcvF","text":"Overview","icon":"fa fa-chevron-right","li_attr":{"id":"rgf0lLMNcvF"},"a_attr":{"href":"#","id":"rgf0lLMNcvF_anchor"},"state":{"loaded":true,"opened":true,"selected":true,"disabled":false},"data":{"id":"rgf0lLMNcvF","title":"Overview","url":"/docs","showInMenu":true,"showChildren":false},"children":[{"id":"yhj1x66zk9","text":"Special Sauce","icon":"fa fa-chevron-right","li_attr":{"id":"yhj1x66zk9"},"a_attr":{"href":"#","id":"yhj1x66zk9_anchor"},"state":{"loaded":true,"opened":false,"selected":false,"disabled":false},"data":{"id":"yhj1x66zk9","title":"Special Sauce","url":"/docs#special-sauce","showInMenu":true,"showChildren":false},"children":[],"type":"default"},{"id":"kjsqgl7w5x","text":"Getting Started","icon":"fa fa-chevron-right","li_attr":{"id":"kjsqgl7w5x"},"a_attr":{"href":"#","id":"kjsqgl7w5x_anchor"},"state":{"loaded":true,"opened":true,"selected":false,"disabled":false},"data":{"id":"kjsqgl7w5x","title":"Getting Started","url":"/docs#getting-started","showInMenu":true,"showChildren":false},"children":[{"id":"h2bab27jv66","text":"Prerequisites","icon":"fa fa-chevron-right","li_attr":{"id":"h2bab27jv66"},"a_attr":{"href":"#","id":"h2bab27jv66_anchor"},"state":{"loaded":true,"opened":false,"selected":false,"disabled":false},"data":{"id":"h2bab27jv66","title":"Prerequisites","url":"/docs#prerequisites","showInMenu":true,"showChildren":false},"children":[],"type":"default"},{"id":"x7thyn3zrfo","text":"Database Support","icon":"fa fa-chevron-right","li_attr":{"id":"x7thyn3zrfo"},"a_attr":{"href":"#","id":"x7thyn3zrfo_anchor"},"state":{"loaded":true,"opened":false,"selected":false,"disabled":false},"data":{"id":"x7thyn3zrfo","title":"Database Support","url":"/docs#database-support","showInMenu":true,"showChildren":false},"children":[],"type":"default"},{"id":"gfrimuavd1h","text":"Local Setup","icon":"fa fa-chevron-right","li_attr":{"id":"gfrimuavd1h"},"a_attr":{"href":"#","id":"gfrimuavd1h_anchor"},"state":{"loaded":true,"opened":false,"selected":false,"disabled":false},"data":{"id":"gfrimuavd1h","title":"Local Setup","url":"/docs#local-setup","showInMenu":true,"showChildren":false},"children":[],"type":"default"},{"id":"33govrtbdhr","text":"Debugging","icon":"fa fa-chevron-right","li_attr":{"id":"33govrtbdhr"},"a_attr":{"href":"#","id":"33govrtbdhr_anchor"},"state":{"loaded":true,"opened":false,"selected":false,"disabled":false},"data":{"id":"33govrtbdhr","title":"Debugging","url":"/docs#debugging","showInMenu":true,"showChildren":false},"children":[],"type":"default"}],"type":"default"},{"id":"hnla09yhcq9","text":"Features","icon":"fa fa-chevron-right","li_attr":{"id":"hnla09yhcq9"},"a_attr":{"href":"#","id":"hnla09yhcq9_anchor"},"state":{"loaded":true,"opened":false,"selected":false,"disabled":false},"data":{"id":"hnla09yhcq9","title":"Features","url":"/docs/features","showInMenu":true,"showChildren":false},"children":[],"type":"default"}],"type":"default"},{"id":"xcl3h10c9l","text":"Demo Videos","icon":"fa fa-chevron-right","li_attr":{"id":"xcl3h10c9l"},"a_attr":{"href":"#","id":"xcl3h10c9l_anchor"},"state":{"loaded":true,"opened":false,"selected":false,"disabled":false},"data":{"id":"xcl3h10c9l","title":"Demo Videos","url":"/docs/demo-videos","showInMenu":true,"showChildren":false},"children":[],"type":"default"},{"id":"rb12lzi54v","text":"User Guide","icon":"fa fa-chevron-right","li_attr":{"id":"rb12lzi54v"},"a_attr":{"href":"#","id":"rb12lzi54v_anchor"},"state":{"loaded":true,"opened":true,"selected":false,"disabled":false},"data":{"id":"rb12lzi54v","title":"User Guide","url":"/docs/user-guide","showInMenu":true,"showChildren":false},"children":[{"id":"nfg47sb384q","text":"Quick Start","icon":"fa fa-chevron-right","li_attr":{"id":"nfg47sb384q"},"a_attr":{"href":"#","id":"nfg47sb384q_anchor"},"state":{"loaded":true,"opened":false,"selected":false,"disabled":false},"data":{"id":"nfg47sb384q","title":"Quick Start","url":"/docs/user-guide#quick-start","showInMenu":true,"showChildren":false},"children":[],"type":"default"},{"id":"co9g51v0xph","text":"Modules","icon":"fa fa-chevron-right","li_attr":{"id":"co9g51v0xph"},"a_attr":{"href":"#","id":"co9g51v0xph_anchor"},"state":{"loaded":true,"opened":true,"selected":false,"disabled":false},"data":{"id":"co9g51v0xph","title":"Modules","url":"/docs/user-guide/modules","showInMenu":true,"showChildren":false},"children":[],"type":"default"},{"id":"r4cnudcd0q8","text":"Themes","icon":"fa fa-chevron-right","li_attr":{"id":"r4cnudcd0q8"},"a_attr":{"href":"#","id":"r4cnudcd0q8_anchor"},"state":{"loaded":true,"opened":false,"selected":false,"disabled":false},"data":{"id":"r4cnudcd0q8","title":"Themes","url":"/docs/user-guide/themes","showInMenu":true,"showChildren":false},"children":[],"type":"default"}],"type":"default"},{"id":"p55v4skjfac","text":"Developer Guide","icon":"fa fa-chevron-right","li_attr":{"id":"p55v4skjfac"},"a_attr":{"href":"#","id":"p55v4skjfac_anchor"},"state":{"loaded":true,"opened":true,"selected":false,"disabled":false},"data":{"id":"p55v4skjfac","title":"Developer Guide","url":"/docs/developers-guide","showInMenu":true,"showChildren":false},"children":[{"id":"pi2slp1apvb","text":"Hooks","icon":"fa fa-chevron-right","li_attr":{"id":"pi2slp1apvb"},"a_attr":{"href":"#","id":"pi2slp1apvb_anchor"},"state":{"loaded":true,"opened":false,"selected":false,"disabled":false},"data":{"id":"pi2slp1apvb","title":"Hooks","url":"/docs/developers-guide#hooks","showInMenu":true,"showChildren":false},"children":[],"type":"default"},{"id":"d0suf707lic","text":"Modules","icon":"fa fa-chevron-right","li_attr":{"id":"d0suf707lic"},"a_attr":{"href":"#","id":"d0suf707lic_anchor"},"state":{"loaded":true,"opened":false,"selected":false,"disabled":false},"data":{"id":"d0suf707lic","title":"Modules","url":"/docs/developers-guide/modules","showInMenu":true,"showChildren":false},"children":[{"id":"ebv0y0bflia","text":"Listing","icon":"fa fa-chevron-right","li_attr":{"id":"ebv0y0bflia"},"a_attr":{"href":"#","id":"ebv0y0bflia_anchor"},"state":{"loaded":true,"opened":false,"selected":false,"disabled":false},"data":{"id":"ebv0y0bflia","title":"Listing","url":"/docs/developers-guide/modules/listing","showInMenu":true,"showChildren":false},"children":[],"type":"default"}],"type":"default"},{"id":"rdrcf87o79r","text":"Datbase","icon":"fa fa-chevron-right","li_attr":{"id":"rdrcf87o79r"},"a_attr":{"href":"#","id":"rdrcf87o79r_anchor"},"state":{"loaded":true,"opened":false,"selected":false,"disabled":false},"data":{"id":"rdrcf87o79r","title":"Datbase","url":"/docs/developer-guide/database-connection","showInMenu":true,"showChildren":false},"children":[],"type":"default"},{"id":"90vta4xqi4c","text":"Data Model","icon":"fa fa-chevron-right","li_attr":{"id":"90vta4xqi4c"},"a_attr":{"href":"#","id":"90vta4xqi4c_anchor"},"state":{"loaded":true,"opened":false,"selected":false,"disabled":false},"data":{"id":"90vta4xqi4c","title":"Data Model","url":"/docs/developer-guide/data-model","showInMenu":true,"showChildren":false},"children":[],"type":"default"}],"type":"default"}],"url":"/new-menu-6Rwcyb"},"contentTypeId":"menu","createdByUserId":1,"lastUpdatedByUserId":1,"createdOn":"2021-04-30T21:15:31.010Z","updatedOn":"2021-07-09T01:24:38.867Z","url":"/new-menu-6Rwcyb","tags":""}