{"id":160,"data":{"body":"<p>To debug the app, use the built in debugger from VS Code. The \"Server\" &nbsp;debugger profile will allow you to set breakpoints and walk thru the code.</p>","submit":true,"contentType":"html","url":"/pto-debug-the-app-use-the-built-in-debugger-from-vs-code-the-server-nbspdebugger-profile-will-allow-you-to-set-breakpoints-and-walk-thru-the-codep-cEnAw1"},"contentTypeId":"html","createdByUserId":1,"lastUpdatedByUserId":1,"createdOn":"2021-05-18T01:42:20.537Z","updatedOn":"2021-05-18T01:42:20.537Z","url":"/pto-debug-the-app-use-the-built-in-debugger-from-vs-code-the-server-nbspdebugger-profile-will-allow-you-to-set-breakpoints-and-walk-thru-the-codep-cEnAw1","tags":""}