{"id":161,"data":{"title":"Demo Videos","showHero":true,"heroTitle":"","pageCssClass":"","autoGenerateUrl":false,"url":"/docs/demo-videos","metaTitle":"","metaDescription":"","pageTemplate":"141","isPageTemplate":false,"submit":true,"contentType":"page","pageTemplateRegions":[{"regionId":"154","shortCodes":"[TITLE id=\"162\"][TITLE id=\"164\"][YOUTUBE id=\"163\"][TITLE id=\"166\"][YOUTUBE id=\"167\"][TITLE id=\"168\"][YOUTUBE id=\"169\"][TITLE id=\"170\"][YOUTUBE id=\"171\"]"}]},"contentTypeId":"page","createdByUserId":1,"lastUpdatedByUserId":1,"createdOn":"2021-05-18T14:31:46.852Z","updatedOn":"2021-05-18T14:31:46.852Z","url":"/docs/demo-videos","tags":""}