{"id":172,"data":{"title":"Features","showHero":false,"showHeroCompact":true,"pageCssClass":"","autoGenerateUrl":false,"url":"/docs/features","metaTitle":"SonicJs NodeJs CMS Features","metaDescription":"","pageTemplate":"141","isPageTemplate":false,"submit":true,"contentType":"page","pageTemplateRegions":[{"regionId":"154","shortCodes":"[TITLE id=\"173\"][HTML id=\"329\"][TITLE id=\"176\"][HTML id=\"177\"][TITLE id=\"174\"][HTML id=\"175\"][TITLE id=\"178\"][TEXT id=\"179\"][TITLE id=\"180\"][HTML id=\"361\"][TITLE id=\"368\"][HTML id=\"369\"][TITLE id=\"370\"][HTML id=\"371\"][TITLE id=\"184\"][HTML id=\"185\"][CODE-SNIPPET id=\"188\"][TITLE id=\"366\"][HTML id=\"367\"][TITLE id=\"372\"][HTML id=\"373\"][TITLE id=\"360\"][HTML id=\"181\"][TITLE id=\"182\"][HTML id=\"183\"][TITLE id=\"354\"][HTML id=\"355\"][TITLE id=\"356\"][HTML id=\"357\"][TITLE id=\"358\"][HTML id=\"359\"][TITLE id=\"362\"][HTML id=\"363\"][TITLE id=\"364\"][HTML id=\"187\"][TITLE id=\"186\"][HTML id=\"365\"]"}]},"contentTypeId":"page","createdByUserId":1,"lastUpdatedByUserId":1,"createdOn":"2021-05-18T14:45:51.892Z","updatedOn":"2021-06-30T19:06:59.576Z","url":"/docs/features","tags":""}