{"id":175,"data":{"body":"<p>One of SonicJs' major strengths is its built in form builder. SonicJs has tight integration and has extended Form.io (<a href=\"https://www.form.io/\">https://www.form.io/</a>). This enables developers to build a consistent administrative user experience across the entire platform. If you've ever used Wordpress, you know how annoying it is that every module has a totally separate UI/UX which forces you to pursue a separate learning curve.</p><p>This also allows you to built site forms - anything from contact forms to highly complex business &nbsp;forms with relationships, repeating sections and much more.</p><p>SonicJs automagically generates user input forms based on the content types (defined in the admin UI). Content types are managed with a drag and drop style form editor.</p>","submit":true,"contentType":"html","url":"/psonicjs-automagically-generates-user-input-forms-based-on-the-content-types-defined-in-the-admin-ui-content-types-are-managed-with-a-drag-and-drop-style-form-editorppnbspp-J2MJsA"},"contentTypeId":"html","createdByUserId":1,"lastUpdatedByUserId":1,"createdOn":"2021-05-18T14:47:51.127Z","updatedOn":"2021-06-30T02:42:56.675Z","url":"/psonicjs-automagically-generates-user-input-forms-based-on-the-content-types-defined-in-the-admin-ui-content-types-are-managed-with-a-drag-and-drop-style-form-editorppnbspp-J2MJsA","tags":""}