{"id":181,"data":{"body":"<p>SonicJs' built in media management server allows you manage assets (images, files, etc) from the admin UI.</p><p>Media assets are also accessible via the GraphQL API.</p><p><strong>On The Fly Resizing</strong></p><p>It is a common requirement to resize images on the server side in order to send to smallest possible size image to the client. This can be archived in SonicJs simple by appending a height or width parameter to the image page, ie: /assets/uploads/somefile.jpg?width=200</p><p><strong>Uploading Images</strong></p><p>Images can easily be upload in the admin media section using Dropzone. This allows you to bulk upload images to be used in your site pages.&nbsp;</p><p>You can also add files to the file system here: ../server/assets/uploads. Once you have added file to this directly, simply visit the media page in the admin section. SonicJs will automatically create a new media record for each new file.</p>","submit":true,"contentType":"html","url":"/psonicjs-built-in-media-management-server-allows-you-manage-assets-images-files-etc-from-the-admin-uippmedia-assets-are-also-accessible-via-the-rest-apip-5rulmV"},"contentTypeId":"html","createdByUserId":1,"lastUpdatedByUserId":1,"createdOn":"2021-05-18T14:57:03.663Z","updatedOn":"2021-06-29T00:56:29.670Z","url":"/psonicjs-built-in-media-management-server-allows-you-manage-assets-images-files-etc-from-the-admin-uippmedia-assets-are-also-accessible-via-the-rest-apip-5rulmV","tags":""}