{"id":183,"data":{"body":"<p>The setting section in the admin interface is, not surprisingly just a content type and can be extended just like any content type. Any new properties that you add will be available in any view or module (business logic) files.&nbsp;</p>","submit":true,"contentType":"html","url":"/pthe-setting-section-in-the-admin-interface-is-not-surprisingly-just-a-content-type-and-can-be-extended-just-like-any-content-typep-cUKoTZ"},"contentTypeId":"html","createdByUserId":1,"lastUpdatedByUserId":1,"createdOn":"2021-05-18T14:57:56.332Z","updatedOn":"2021-06-29T00:57:47.577Z","url":"/pthe-setting-section-in-the-admin-interface-is-not-surprisingly-just-a-content-type-and-can-be-extended-just-like-any-content-typep-cUKoTZ","tags":""}