{"id":187,"data":{"body":"<p>SonicJs supports sending email notifications, but can also be extended to send SMS messages. SonicJs currently uses Sendgrid as they offer a liberal free plan, but this can easily be swapped out with other service providers.</p>","submit":true,"contentType":"html","url":"/pregardless-of-your-intended-use-case-with-sonicjs-it-is-highly-recommended-that-you-head-over-to-the-a-hrefdocsuserguideuser-guidea-and-at-least-scan-thru-itp-9I4VSL"},"contentTypeId":"html","createdByUserId":1,"lastUpdatedByUserId":1,"createdOn":"2021-05-18T15:00:04.559Z","updatedOn":"2021-06-30T14:14:14.962Z","url":"/pregardless-of-your-intended-use-case-with-sonicjs-it-is-highly-recommended-that-you-head-over-to-the-a-hrefdocsuserguideuser-guidea-and-at-least-scan-thru-itp-9I4VSL","tags":""}