{"id":189,"data":{"title":"User Guide","showHero":false,"showHeroCompact":true,"pageCssClass":"","autoGenerateUrl":false,"url":"/docs/user-guide","metaTitle":"","metaDescription":"","pageTemplate":"141","isPageTemplate":false,"submit":true,"contentType":"page","pageTemplateRegions":[{"regionId":"154","shortCodes":"[TITLE id=\"190\"][HTML id=\"191\"][TITLE id=\"194\"][HTML id=\"195\"][TITLE id=\"196\"][HTML id=\"197\"][TITLE id=\"198\"][HTML id=\"199\"][TITLE id=\"289\"][HTML id=\"200\"][TITLE id=\"201\"][HTML id=\"202\"][TITLE id=\"203\"][HTML id=\"204\"][TITLE id=\"205\"][HTML id=\"288\"][TITLE id=\"206\"][HTML id=\"207\"]"}]},"contentTypeId":"page","createdByUserId":1,"lastUpdatedByUserId":1,"createdOn":"2021-05-19T02:10:48.526Z","updatedOn":"2021-07-02T00:42:46.569Z","url":"/docs/user-guide","tags":""}