{"id":197,"data":{"body":"<p>Visit <a href=\"http://localhost:3018/docs/user-guide\">http://localhost:3018/</a></p><p>This should display the admin user registration form.</p><p>Enter your admin email and password and click \"Register\"</p>","submit":true,"contentType":"html","url":"/pvisit-a-hrefhttplocalhost3018docsuserguidehttplocalhost3018appthis-should-display-the-admin-user-registration-formppenter-your-admin-email-and-password-and-click-registerp-vc5tXl"},"contentTypeId":"html","createdByUserId":1,"lastUpdatedByUserId":1,"createdOn":"2021-05-19T02:18:19.470Z","updatedOn":"2021-05-19T02:18:19.470Z","url":"/pvisit-a-hrefhttplocalhost3018docsuserguidehttplocalhost3018appthis-should-display-the-admin-user-registration-formppenter-your-admin-email-and-password-and-click-registerp-vc5tXl","tags":""}