{"id":2,"data":{"logoType":"image","logoTitle":"Acme Widgets","fontSize":"24px","fontColor":"#fff","fileName":{"title":"sonicjs-logo.svg","file":"sonicjs-logo.svg","contentType":"media","url":"/sonicjslogosvg-5MZZw0","src":"https://sonicjscom.s3.us-west-1.amazonaws.com/sonicjs-logo.svg"},"fileNameDark":{"title":"sonicjs-logo-dark.svg","file":"sonicjs-logo-dark.svg","contentType":"media","url":"/sonicjslogodarksvg-4wCO6B","src":"https://sonicjscom.s3.us-west-1.amazonaws.com/sonicjs-logo-dark.svg"},"imageWidth":"160px","imageStyle":"","footerText":"","submit":true,"contentType":"theme-settings","url":"/theme-settings"},"contentTypeId":"theme-settings","createdByUserId":1,"lastUpdatedByUserId":1,"createdOn":"2021-04-20T01:15:49.701Z","updatedOn":"2021-07-21T00:52:51.803Z","url":"/theme-settings","tags":"{}"}