{"id":200,"data":{"body":"<p>Now that you can access the admin panel:</p><p><a href=\"http://localhost:3018/admin/\">http://localhost:3018/admin/</a></p><p>Click thru the various menu items on the left nav to explore the various options.</p>","submit":true,"contentType":"html","url":"/pnow-that-you-can-access-the-admin-panelppa-hrefhttplocalhost3018adminhttplocalhost3018adminappclick-thru-the-various-menu-items-on-the-left-nav-to-explore-the-various-optionsp-JdDsu0"},"contentTypeId":"html","createdByUserId":1,"lastUpdatedByUserId":1,"createdOn":"2021-05-19T02:20:41.020Z","updatedOn":"2021-05-19T02:20:41.020Z","url":"/pnow-that-you-can-access-the-admin-panelppa-hrefhttplocalhost3018adminhttplocalhost3018adminappclick-thru-the-various-menu-items-on-the-left-nav-to-explore-the-various-optionsp-JdDsu0","tags":""}