{"id":210,"data":{"title":"Developers Guide","showHero":true,"heroTitle":"","pageCssClass":"","autoGenerateUrl":false,"url":"/docs/developers-guide","metaTitle":"","metaDescription":"","pageTemplate":"141","isPageTemplate":false,"submit":true,"contentType":"page","pageTemplateRegions":[{"regionId":"154","shortCodes":"[TITLE id=\"211\"][HTML id=\"212\"][TITLE id=\"213\"][HTML id=\"214\"][CODE-SNIPPET id=\"215\"][HTML id=\"216\"][CODE-SNIPPET id=\"217\"][HTML id=\"218\"][CODE-SNIPPET id=\"219\"][CODE-SNIPPET id=\"220\"][HTML id=\"221\"][TITLE id=\"222\"][HTML id=\"223\"]"}]},"contentTypeId":"page","createdByUserId":1,"lastUpdatedByUserId":1,"createdOn":"2021-05-19T02:32:10.572Z","updatedOn":"2021-05-19T02:32:10.572Z","url":"/docs/developers-guide","tags":""}