{"id":215,"data":{"type":"javascript","code":"// Get an array of objects of a certain content type,\n// and optionally pass in a filter to fine tune the results\nfunction getDataForMyModule(contentType, filter){\n  let data = getDataFromDatabase(contentType, filter);\n  return;\n}\n// Example call to the above function\n// We want all records of type \"blog\"\nlet data = getDataForMyModule(\"blog\", {});","submit":true,"contentType":"code-snippet","url":"/codesnippet-vbrjn8"},"contentTypeId":"code-snippet","createdByUserId":1,"lastUpdatedByUserId":1,"createdOn":"2021-05-19T02:33:52.580Z","updatedOn":"2021-07-02T03:03:58.786Z","url":"/codesnippet-vbrjn8","tags":""}