{"id":217,"data":{"type":"javascript","code":"// Here, we had added our new business rule directly in the function.\nfunction getDataForMyModule(contentType, filter){\n  filter.publishDate < new Date(); // <--here is the new filter we're adding\n  let data = getDataFromDatabase(contentType, filter);\n  return;\n}","submit":true,"contentType":"code-snippet","url":"/codesnippet-CoWFz1"},"contentTypeId":"code-snippet","createdByUserId":1,"lastUpdatedByUserId":1,"createdOn":"2021-05-19T02:34:37.343Z","updatedOn":"2021-07-02T03:06:03.786Z","url":"/codesnippet-CoWFz1","tags":""}