{"id":218,"data":{"body":"<p>But there is a MUCH better way of adding this new business rule. Take a look at a different approach:</p>","submit":true,"contentType":"html","url":"/pbut-there-is-a-much-better-way-of-adding-this-new-business-rule-take-a-look-at-a-different-approachp-JSDSeO"},"contentTypeId":"html","createdByUserId":1,"lastUpdatedByUserId":1,"createdOn":"2021-05-19T02:35:29.989Z","updatedOn":"2021-05-19T02:35:29.989Z","url":"/pbut-there-is-a-much-better-way-of-adding-this-new-business-rule-take-a-look-at-a-different-approachp-JSDSeO","tags":""}