{"id":219,"data":{"type":"javascript","code":" eventBusService.on(\"postModuleGetData\", async function(options) {\n  if (options.shortcode.name === \"HELLO-WORLD\") {\n    var d = new Date();\n    var weekday = new Array(7);\n    weekday[0] = \"Sunday\";\n    weekday[1] = \"Monday\";\n    weekday[2] = \"Tuesday\";\n    weekday[3] = \"Wednesday\";\n    weekday[4] = \"Thursday\";\n    weekday[5] = \"Friday\";\n    weekday[6] = \"Saturday\";\n    let dayOfTheWeek = weekday[d.getDay()];\n    options.viewModel.data.greeting = `Happy ${dayOfTheWeek}`;\n  }\n});","submit":true,"contentType":"code-snippet","url":"/codesnippet-3LAQtP"},"contentTypeId":"code-snippet","createdByUserId":1,"lastUpdatedByUserId":1,"createdOn":"2021-05-19T02:35:43.581Z","updatedOn":"2021-07-02T03:06:45.125Z","url":"/codesnippet-3LAQtP","tags":""}