{"id":220,"data":{"type":"javascript","code":"// Get an array of objects of a certain content type,\n// and optionally pass in a filter to fine tune the results\nfunction getDataForMyModule(contentType, filter){\n  eventBusService.emit(\"preDataFetch\", filter);\n  let data = getDataFromDatabase(contentType, filter);\n  return;\n}\n// Before calling the above function, we'll setup our business rule\neventBusService.on('preDataFetch', function (filter) {\n filter.publishDate < new Date();\n});\n// Example call to the above function\n// We want all records of type \"blog\"\nlet data = getDataForMyModule(\"blog\", {});","submit":true,"contentType":"code-snippet","url":"/codesnippet-WmJScI"},"contentTypeId":"code-snippet","createdByUserId":1,"lastUpdatedByUserId":1,"createdOn":"2021-05-19T02:36:01.571Z","updatedOn":"2021-07-02T03:07:10.140Z","url":"/codesnippet-WmJScI","tags":""}