{"id":229,"data":{"body":"<p>Now, let's dig in a bit to our module and make some changes. Currently the output of our module looks like this:</p>","submit":true,"contentType":"html","url":"/pnow-lets-dig-in-a-bit-to-our-module-and-make-some-changes-currently-the-output-of-our-module-looks-like-thisp-DP8y8X"},"contentTypeId":"html","createdByUserId":1,"lastUpdatedByUserId":1,"createdOn":"2021-05-19T02:41:16.300Z","updatedOn":"2021-05-19T02:41:16.300Z","url":"/pnow-lets-dig-in-a-bit-to-our-module-and-make-some-changes-currently-the-output-of-our-module-looks-like-thisp-DP8y8X","tags":""}