{"id":23,"data":{"title":"NodeJs CMS","subTitle":"NodeJs + Express + GraphQL + Bootstrap 5","tagline":"SonicJs is a Modern Open Source Node.js Based Content Management System","subTagline":"Databases Supported: MySQL, PostgreSQL, SQLite (local file based database), MariaDB, Microsoft SQL Server, Oracle, WebSQL, MongoDB, CockroachDB, SAP Hana, sql.js, and others.","body":"[GALLERY id=\"30\"]","submit":true,"view":"swipper","contentType":"header","url":"/node-cms-IYDbS6"},"contentTypeId":"header","createdByUserId":1,"lastUpdatedByUserId":1,"createdOn":"2021-04-21T17:26:20.571Z","updatedOn":"2021-07-21T01:13:19.392Z","url":"/node-cms-IYDbS6","tags":"{}"}