{"id":230,"data":{"title":"Modules","showHero":true,"heroTitle":"","pageCssClass":"","autoGenerateUrl":false,"url":"/docs/developers-guide/modules","metaTitle":"","metaDescription":"","pageTemplate":"141","isPageTemplate":false,"submit":true,"contentType":"page","pageTemplateRegions":[{"regionId":"154","shortCodes":"[TITLE id=\"224\"][HTML id=\"225\"][TITLE id=\"226\"][HTML id=\"227\"][TITLE id=\"228\"][HTML id=\"229\"][IMAGE id=\"250\"][TITLE id=\"231\"][HTML id=\"251\"][IMAGE id=\"252\"][HTML id=\"253\"][IMAGE id=\"254\"][HTML id=\"255\"][IMAGE id=\"256\"][HTML id=\"257\"][TITLE id=\"258\"][HTML id=\"259\"][CODE-SNIPPET id=\"260\"][HTML id=\"261\"][CODE-SNIPPET id=\"262\"][HTML id=\"263\"][IMAGE id=\"264\"][TITLE id=\"265\"][HTML id=\"266\"]"}]},"contentTypeId":"page","createdByUserId":1,"lastUpdatedByUserId":1,"createdOn":"2021-05-19T02:42:23.710Z","updatedOn":"2021-05-19T02:42:23.710Z","url":"/docs/developers-guide/modules","tags":""}