{"id":24,"data":{"title":"Section 2","contentType":"section","rows":[{"class":"row","columns":[{"class":"col","content":"[TITLE id=\"32\"]"}]},{"class":"row","columns":[{"class":"col","content":"[FEATURE-BOX id=\"33\"]"},{"class":"col","content":"[FEATURE-BOX id=\"35\"]"},{"class":"col","content":"[FEATURE-BOX id=\"36\"]"}]},{"class":"row","columns":[{"class":"col","content":"[FEATURE-BOX id=\"37\"]"},{"class":"col","content":"[FEATURE-BOX id=\"38\"]"},{"class":"col","content":"[FEATURE-BOX id=\"39\"]"}]},{"class":"row","columns":[{"class":"col","content":"[FEATURE-BOX id=\"40\"]"},{"class":"col","content":"[FEATURE-BOX id=\"41\"]"},{"class":"col","content":"[FEATURE-BOX id=\"42\"]"}]}],"url":"/section-2-jgYtIg"},"contentTypeId":"section","createdByUserId":1,"lastUpdatedByUserId":1,"createdOn":"2021-04-22T01:25:23.885Z","updatedOn":"2021-04-22T01:25:23.885Z","url":"/section-2-jgYtIg","tags":""}