{"id":25,"data":{"title":"Docs","showHero":false,"showHeroCompact":true,"heroTitle":"","pageCssClass":"","autoGenerateUrl":true,"url":"/docs","metaTitle":"SonicJs Documentation | Node.js CMS","metaDescription":"The SonicJs Documentation sections include everything from getting started instructions to detailed developer documentation.","pageTemplate":"141","isPageTemplate":false,"submit":true,"contentType":"page","pageTemplateRegions":[{"shortCodes":"[TITLE id=\"60a315a07cb82274a916adc8\"][TITLE id=\"60a316057cb82274a916adc9\"]"},{"regionId":"154","shortCodes":"[TITLE id=\"147\"][HTML id=\"148\"][TITLE id=\"326\"][HTML id=\"375\"][TITLE id=\"374\"][HTML id=\"327\"][TITLE id=\"149\"][TITLE id=\"151\"][HTML id=\"150\"][TITLE id=\"152\"][HTML id=\"153\"][TITLE id=\"287\"][CODE-SNIPPET id=\"155\"][HTML id=\"328\"][TITLE id=\"157\"][HTML id=\"158\"][TITLE id=\"322\"][HTML id=\"323\"][IMAGE id=\"325\"][TITLE id=\"159\"][HTML id=\"160\"]"}]},"contentTypeId":"page","createdByUserId":1,"lastUpdatedByUserId":1,"createdOn":"2021-04-22T01:43:47.546Z","updatedOn":"2021-07-06T20:08:41.899Z","url":"/docs","tags":""}