{"id":250,"data":{"fileName":{"title":"node.js cms hello world part 1.png","file":"node.js cms hello world part 1.png","contentType":"media","url":"/nodejs-cms-hello-world-part-1png-blMCa4","src":"https://sonicjscom.s3.us-west-1.amazonaws.com/node.js cms hello world part 1.png"},"retinaSupport":true,"thumbnailWidth":0,"onClick":"hyperlink","clickUrl":"","css":"","submit":true,"contentType":"image","url":"/image-vmizqO"},"contentTypeId":"image","createdByUserId":1,"lastUpdatedByUserId":1,"createdOn":"2021-05-19T02:52:36.760Z","updatedOn":"2021-07-21T01:58:49.935Z","url":"/image-vmizqO","tags":"{}"}