{"id":251,"data":{"body":"<p>Now when we click on our module, then click the \"edit\" icon, we'll see our edit screen:</p>","submit":true,"contentType":"html","url":"/pnow-when-we-click-on-our-module-then-click-the-edit-icon-well-see-our-edit-screenp-6uv1RV"},"contentTypeId":"html","createdByUserId":1,"lastUpdatedByUserId":1,"createdOn":"2021-05-19T02:53:05.563Z","updatedOn":"2021-05-19T02:53:05.563Z","url":"/pnow-when-we-click-on-our-module-then-click-the-edit-icon-well-see-our-edit-screenp-6uv1RV","tags":""}