{"id":252,"data":{"fileName":{"title":"hello-world-edit-data.png","file":"hello-world-edit-data.png","contentType":"media","url":"/helloworldeditdatapng-3hGT7Z","src":"https://sonicjscom.s3.us-west-1.amazonaws.com/hello-world-edit-data.png"},"retinaSupport":true,"thumbnailWidth":0,"onClick":"hyperlink","clickUrl":"","css":"","submit":true,"contentType":"image","url":"/image-aQXoY8"},"contentTypeId":"image","createdByUserId":1,"lastUpdatedByUserId":1,"createdOn":"2021-05-19T02:53:44.436Z","updatedOn":"2021-07-21T01:59:14.713Z","url":"/image-aQXoY8","tags":"{}"}