{"id":254,"data":{"fileName":{"title":"hello-world-edit-view.png","file":"hello-world-edit-view.png","contentType":"media","url":"/helloworldeditviewpng-jq35xR","src":"https://sonicjscom.s3.us-west-1.amazonaws.com/hello-world-edit-view.png"},"retinaSupport":true,"thumbnailWidth":0,"onClick":"hyperlink","clickUrl":"","css":"","submit":true,"contentType":"image","url":"/image-PXd2OE"},"contentTypeId":"image","createdByUserId":1,"lastUpdatedByUserId":1,"createdOn":"2021-05-19T02:54:53.256Z","updatedOn":"2021-07-21T01:59:33.228Z","url":"/image-PXd2OE","tags":"{}"}