{"id":255,"data":{"body":"<p>After you save your update, the web server will automatically restart. All we need to do is go back to our webpage and refresh:</p>","submit":true,"contentType":"html","url":"/pafter-you-save-your-update-the-web-server-will-automatically-restart-all-we-need-to-do-is-go-back-to-our-webpage-and-refreshp-bVVij8"},"contentTypeId":"html","createdByUserId":1,"lastUpdatedByUserId":1,"createdOn":"2021-05-19T02:55:54.116Z","updatedOn":"2021-05-19T02:55:54.116Z","url":"/pafter-you-save-your-update-the-web-server-will-automatically-restart-all-we-need-to-do-is-go-back-to-our-webpage-and-refreshp-bVVij8","tags":""}