{"id":256,"data":{"fileName":{"title":"hello-world-part-2-end.png","file":"hello-world-part-2-end.png","contentType":"media","url":"/helloworldpart2endpng-ttTGIB","src":"https://sonicjscom.s3.us-west-1.amazonaws.com/hello-world-part-2-end.png"},"retinaSupport":true,"thumbnailWidth":0,"onClick":"hyperlink","clickUrl":"","css":"","submit":true,"contentType":"image","url":"/image-fTFuvk"},"contentTypeId":"image","createdByUserId":1,"lastUpdatedByUserId":1,"createdOn":"2021-05-19T02:56:20.587Z","updatedOn":"2021-07-21T02:01:19.847Z","url":"/image-fTFuvk","tags":"{}"}