{"id":26,"data":{"title":"About","showHero":true,"heroTitle":"The \"Why?\" Behind SonicJs CMS","pageCssClass":"about grey-background","autoGenerateUrl":true,"url":"/about","metaTitle":"","metaDescription":"Want to learn about the driving motivation and principals behind out Node.js CMS, SonicJs? In this section we discuss the philosophy behind SonicJs.","pageTemplate":"none","isPageTemplate":false,"submit":true,"contentType":"page","layout":["79"]},"contentTypeId":"page","createdByUserId":1,"lastUpdatedByUserId":1,"createdOn":"2021-04-22T01:44:30.742Z","updatedOn":"2021-04-22T01:44:30.742Z","url":"/about","tags":""}