{"id":260,"data":{"type":"javascript","code":" eventBusService.on(\"postModuleGetData\", async function(options) {\nif (options.shortcode.name === \"HELLO-WORLD\") {\nvar d = new Date();\nvar weekday = new Array(7);\nweekday[0] = \"Sunday\";\nweekday[1] = \"Monday\";\nweekday[2] = \"Tuesday\";\nweekday[3] = \"Wednesday\";\nweekday[4] = \"Thursday\";\nweekday[5] = \"Friday\";\nweekday[6] = \"Saturday\";\nlet dayOfTheWeek = weekday[d.getDay()];\noptions.viewModel.data.greeting = `Happy ${dayOfTheWeek}`;\n}\n});","submit":true,"contentType":"code-snippet","url":"/codesnippet-13TU2z"},"contentTypeId":"code-snippet","createdByUserId":1,"lastUpdatedByUserId":1,"createdOn":"2021-05-19T02:57:45.517Z","updatedOn":"2021-05-19T02:57:45.517Z","url":"/codesnippet-13TU2z","tags":""}