{"id":261,"data":{"body":"<p>Now we just need to make a small tweak to our template in order to use the new <strong>greetings</strong> property:</p>","submit":true,"contentType":"html","url":"/pnow-we-just-need-to-make-a-small-tweak-to-our-template-in-order-to-use-the-new-stronggreetingsstrong-propertyp-kpTFIE"},"contentTypeId":"html","createdByUserId":1,"lastUpdatedByUserId":1,"createdOn":"2021-05-19T02:57:59.499Z","updatedOn":"2021-05-19T02:57:59.499Z","url":"/pnow-we-just-need-to-make-a-small-tweak-to-our-template-in-order-to-use-the-new-stronggreetingsstrong-propertyp-kpTFIE","tags":""}