{"id":264,"data":{"fileName":{"title":"hello world add greeting.png","file":"hello world add greeting.png","contentType":"media","url":"/hello-world-add-greetingpng-PWczg2","src":"https://sonicjscom.s3.us-west-1.amazonaws.com/hello world add greeting.png"},"retinaSupport":true,"thumbnailWidth":0,"onClick":"hyperlink","clickUrl":"","css":"","submit":true,"contentType":"image","url":"/image-TbKORZ"},"contentTypeId":"image","createdByUserId":1,"lastUpdatedByUserId":1,"createdOn":"2021-05-19T02:58:43.656Z","updatedOn":"2021-07-21T02:01:35.816Z","url":"/image-TbKORZ","tags":"{}"}