{"id":272,"data":{"title":"KeystoneJs Review","url":"/blog/keystonejs-review","fileName":{"title":"keystonejs-home","file":"keystonejs-home.png","contentType":"media","url":"/keystonejshome-V6ZaC9"},"body":"<h2 style=\"margin-left:0px;\">Summary</h2><p>In this post, I’ll take a deep dive into KeystoneJs, a popular Node.js/Mongo based CMS.</p><p>My first impression is that this is a fairly MVP type project after reviewing the docs and demo site. However, I’m interested in whether of not the architecture and features would provide enough value for it to be used as a foundation for a moderate or larger project.</p><p>So we’ll be looking at initial setup, learning curve, features, pros/cons, adherence to coding best practices, architectural considerations, scalability, performance on so on.</p><h3 style=\"margin-left:0px;\">Setup/Installation</h3><p>I started out by following the getting started guide here:<br><br><a href=\"https://keystonejs.com/getting-started/yo-generator/\">https://keystonejs.com/getting-started/yo-generator/</a></p><p>&nbsp;</p><p>Unfortunately, running the available yomen generator resulted in some errors for me, but it did complete and I received the “Your KeystoneJS project is ready to go!” message. This was a little disappointing as it was my first experience with the framework.</p><p>Running node keystoneinitially gave me an error relating to SaaS. However after a quick search on google I was able to move past this.</p><h3 style=\"margin-left:0px;\">Initial Blank Site</h3><p>Here are a few screen shots of the bare bones site generated by keystoneJs:</p><figure class=\"image\"><img src=\"https://sonicjs.com/wp-content/uploads/2019/03/keystonejs-home-1024x769.png\" alt=\"\" srcset=\"https://sonicjs.com/wp-content/uploads/2019/03/keystonejs-home-1024x769.png\" sizes=\"100vw\" width=\"640\"></figure><p><a href=\"https://sonicjs.com/wp-content/uploads/2019/03/keystonejs-home.png\">keystonejs-home -</a></p><figure class=\"image\"><img src=\"https://sonicjs.com/wp-content/uploads/2019/03/keystonejs-gallery-1024x769.png\" alt=\"\" srcset=\"https://sonicjs.com/wp-content/uploads/2019/03/keystonejs-gallery-1024x769.png\" sizes=\"100vw\" width=\"640\"></figure><p><a href=\"https://sonicjs.com/wp-content/uploads/2019/03/keystonejs-gallery.png\">keystonejs-gallery -</a></p><figure class=\"image\"><img src=\"https://sonicjs.com/wp-content/uploads/2019/03/keystonejs-contact-1024x769.png\" alt=\"\" srcset=\"https://sonicjs.com/wp-content/uploads/2019/03/keystonejs-contact-1024x769.png\" sizes=\"100vw\" width=\"640\"></figure><p><a href=\"https://sonicjs.com/wp-content/uploads/2019/03/keystonejs-contact.png\">keystonejs-contact -</a></p><figure class=\"image\"><img src=\"https://sonicjs.com/wp-content/uploads/2019/03/keystonejs-blog-1024x769.png\" alt=\"\" srcset=\"https://sonicjs.com/wp-content/uploads/2019/03/keystonejs-blog-1024x769.png\" sizes=\"100vw\" width=\"640\"></figure><p><a href=\"https://sonicjs.com/wp-content/uploads/2019/03/keystonejs-blog.png\">keystonejs-blog -</a></p><p>So its looking pretty darn vanilla but let’s add some content and start to look at KeystoneJs’ admin features.</p><p>So off I went, creating a few post, categories, and galleries. Oddly, when I added a gallery, the system seemed to get into some kind of bad state where no matter what I clicked on I was stuck on a blank gallery page. However creating categories and posts was fairly quick and intuituve. The only thing I didn’t like was that the “Add” and “Save” button appear on the same screen, allowing a user to make an easy mistake of click “Add” when they meant to click “Save”.</p><p>The system run very fast and there is hardly any noticeable page load lag. It is fairly consistent with the responsiveness you would expect in a SPA (ie: Angular/React/Vue App).</p><p>Here are a few screen shots of the backend of KeystoneJs after adding some content:</p><figure class=\"image\"><img src=\"https://sonicjs.com/wp-content/uploads/2019/03/keystone-dashboard-1-1024x769.png\" alt=\"\" srcset=\"https://sonicjs.com/wp-content/uploads/2019/03/keystone-dashboard-1-1024x769.png\" sizes=\"100vw\" width=\"640\"></figure><p><a href=\"https://sonicjs.com/wp-content/uploads/2019/03/keystone-dashboard-1.png\">keystone-dashboard -</a></p><figure class=\"image\"><img src=\"https://sonicjs.com/wp-content/uploads/2019/03/keystone-categories-1-1024x769.png\" alt=\"\" srcset=\"https://sonicjs.com/wp-content/uploads/2019/03/keystone-categories-1-1024x769.png\" sizes=\"100vw\" width=\"640\"></figure><p><a href=\"https://sonicjs.com/wp-content/uploads/2019/03/keystone-categories-1.png\">keystone-categories -</a></p><figure class=\"image\"><img src=\"https://sonicjs.com/wp-content/uploads/2019/03/keystone-blog-edit-1-853x1024.png\" alt=\"\" srcset=\"https://sonicjs.com/wp-content/uploads/2019/03/keystone-blog-edit-1-853x1024.png\" sizes=\"100vw\" width=\"640\"></figure><p><a href=\"https://sonicjs.com/wp-content/uploads/2019/03/keystone-blog-edit-1.png\">keystone-blog-edit -</a></p><figure class=\"image\"><img src=\"https://sonicjs.com/wp-content/uploads/2019/03/keystone-admin-login-1-1024x769.png\" alt=\"\" srcset=\"https://sonicjs.com/wp-content/uploads/2019/03/keystone-admin-login-1-1024x769.png\" sizes=\"100vw\" width=\"640\"></figure><p><a href=\"https://sonicjs.com/wp-content/uploads/2019/03/keystone-admin-login-1.png\">keystone-admin-login -</a></p><p>One MAJOR disappointment I had is that I wasn’t able to upload multiple photos into a gallery. Moreover, I found out the hard way that you have to click “Save” after each individual photo is uploaded or you loose to previous photo you already uploaded. Adding a multi upload feature would have taking the dev team like a day or so to add so I just don’t get why its missing such a standard core feature that any CMS has?</p><h4 style=\"margin-left:0px;\">So at this point, I’m already fairly discouraged, but let’s press on…</h4><p>Now that we’ve added some basic content, let’s flip back over to our front end site and see how we’re looking.</p><p>Here are a few shots now that we’ve added some content to the backend:</p><figure class=\"image\"><img src=\"data:image/gif;base64,R0lGODlhAQABAIAAAP///////yH5BAEKAAEALAAAAAABAAEAAAICTAEAOw==\" alt=\"\" srcset=\"data:image/gif;base64,R0lGODlhAQABAIAAAP///////yH5BAEKAAEALAAAAAABAAEAAAICTAEAOw==\" sizes=\"100vw\" width=\"640\"></figure><p><a href=\"https://sonicjs.com/wp-content/uploads/2019/03/keystone-gallery2.png\">keystone-gallery2 -</a></p><figure class=\"image\"><img src=\"data:image/gif;base64,R0lGODlhAQABAIAAAP///////yH5BAEKAAEALAAAAAABAAEAAAICTAEAOw==\" alt=\"\" srcset=\"data:image/gif;base64,R0lGODlhAQABAIAAAP///////yH5BAEKAAEALAAAAAABAAEAAAICTAEAOw==\" sizes=\"100vw\" width=\"640\"></figure><p><a href=\"https://sonicjs.com/wp-content/uploads/2019/03/keystone-blog2.png\">keystone-blog2 -</a></p><figure class=\"image\"><img src=\"data:image/gif;base64,R0lGODlhAQABAIAAAP///////yH5BAEKAAEALAAAAAABAAEAAAICTAEAOw==\" alt=\"\" srcset=\"data:image/gif;base64,R0lGODlhAQABAIAAAP///////yH5BAEKAAEALAAAAAABAAEAAAICTAEAOw==\" sizes=\"100vw\" width=\"640\"></figure><p><a href=\"https://sonicjs.com/wp-content/uploads/2019/03/keystone-blog-post.png\">keystone-blog-post -</a></p><p>You may notice that the images in the gallery have all been forced to have an even aspect ratio, but cropping wasn’t used so they all appear distorted. Also the galleries just all list out in a page, there isn’t a details page as there is for blog posts.</p><h3 style=\"margin-left:0px;\">So what’s the point of this?</h3><p>At this point I’m really wondering what was the intent behind this. Is seems like a decent idea, but the execution, lack of super basic features, surprisingly significant bugs, and lackluster UX really cause me to start thinking I’ve just wasted a few hours of my time here.</p><h2 style=\"margin-left:0px;\">What about the Code/Architecture?</h2><p>Well, there just isn’t much there. There is no service layer -&gt;</p><p>I REPEAT, THERE IS NO SERVICE LAYER</p><p>So after looking thru the code, I was really hoping to find something that could be gleamed from my experience with KeystoneJs, but it just doesn’t exist. It’s super basic at every level. It looks like it was architected by UI developer, not a full stack developer with experience constructing scalable/maintainable solutions. Not necessarily a bad thing if you’re building a tiny marketing website (there is a place for KISS), but anything beyond that, I think you’d be much better off starting from scratch or looking at another framework.</p><h3 style=\"margin-left:0px;\">Is it Good for Anything?</h3><p>Yes! If your just getting into web development with Node, this would be a fully working demo project that could serve as a decent initial learning tool. However is doesn’t really adhere is any common best practices from an architectural perspective, but if you are looking to understand how routing, view engines, etc work, this might be helpful.</p><h3 style=\"margin-left:0px;\">I hope I wasn’t too harsh</h3><p>It really wasn’t my intension to bash KeystoneJs. I have a strong amount of respect for any open source project and it’s creators. I was really hoping there would be some ideas that I could pull into my own open source Node.js based CMS <a href=\"https://sonicjs.com/\">sonicjs</a>. If anyone has really spent some serious time with Keystone and thinks that I missed something, please let me know in the comments below!</p>","submit":true,"contentType":"blog"},"contentTypeId":"blog","createdByUserId":1,"lastUpdatedByUserId":1,"createdOn":"2021-05-20T01:49:14.772Z","updatedOn":"2021-05-20T01:49:14.772Z","url":"/blog/keystonejs-review","tags":""}