{"id":274,"data":{"title":"Top 5 Node.js CMS","url":"/blog/top-5-nodejs-cms","fileName":{"title":"Top 5 Nodejs CMS","file":"Top 5 Nodejs CMS.png","contentType":"media","url":"/top-5-nodejs-cms-Cjs3Lp"},"body":"<h2 style=\"margin-left:0px;\">Top 5 Node.js CMS</h2><p>The competition between Node.js Content Management System solutions is one that never seems to end. You think you have seen them all and then a new CMS appears and brings something new to the community. With that said, there are certain things that make or break a CMS, and we have looked at some of the most popular options to determine what we consider to be the top.</p><p>Today, we are going to give you a list of the top 5 Node.js CMS available. Their strengths and the reasons why you should consider their use. There is no particular order as we find all of them to be very reliable.</p><h2 style=\"margin-left:0px;\">1-SonicJs</h2><p><span style=\"background-color:rgb(248,248,248);color:rgb(33,37,41);\">While this is not as popular and widespread as other CMS we have on this list, we can assure you that we have SonicJs on the list because it has earned this position. This CMS offers plenty of great features and it will give you the value of reliability with ease of use and constant upgrades.</span></p><h2 style=\"margin-left:0px;\">2-Strapi</h2><p><span style=\"background-color:rgb(248,248,248);color:rgb(33,37,41);\">Strapi has been around for a while, and it has been quite a popular choice for many designers. Keep in mind that every single CMS in this list has made it here because it provides a smooth experience, and Strapi is no exception.</span></p><h2 style=\"margin-left:0px;\">3-Cody</h2><p><span style=\"background-color:rgb(248,248,248);color:rgb(33,37,41);\">Cody makes it to the list because it seems to be one of the most robust CMS solutions when you decide to fully expand it. It may feel a bit basic when you get started, but you can really build it up and make it a powerhouse of a content management system.</span></p><h2 style=\"margin-left:0px;\">4-NodeBeats</h2><p><span style=\"background-color:rgb(248,248,248);color:rgb(33,37,41);\">When you think about the trajectory and the changes that NodeBeats has seen since it was created, you will come to realize that you are dealing with one of the best CMS solutions available today. They also have a large community thanks to the longevity behind the system.</span></p><h2 style=\"margin-left:0px;\">5-Ghost CMS</h2><p><span style=\"background-color:rgb(248,248,248);color:rgb(33,37,41);\">The widespread reputation of this particular Node.js CMS has reached every continent on the globe. There is no question that the community is very helpful and the features are reliable and intuitive. This is a very powerful choice for those who want a fast and flexible solution. Don’t let the name fool you, this CMS is not going to vanish in thin air anytime soon.</span></p><h2 style=\"margin-left:0px;\">No CMS can rule them all</h2><p><span style=\"background-color:rgb(248,248,248);color:rgb(33,37,41);\">While most Content management system developers will claim that their CMS is superior to the rest, the truth is that the top CMS available are all good for their own reasons. If you are still unable to decide which of these CMS options to choose from, the best thing you can do is conduct some research on each one. This is going to allow you to see which one is a more fitting choice for you and for your project demands.</span></p><h2 style=\"margin-left:0px;\">Final thoughts</h2><p><span style=\"background-color:rgb(248,248,248);color:rgb(33,37,41);\">It is important to note that there are several other CMS solutions worth checking out. We just named the five that we find to have the largest number of reliable and flexible features.</span></p>","submit":true,"contentType":"blog"},"contentTypeId":"blog","createdByUserId":1,"lastUpdatedByUserId":1,"createdOn":"2021-05-20T01:52:46.240Z","updatedOn":"2021-07-07T01:26:52.007Z","url":"/blog/top-5-nodejs-cms","tags":""}