{"id":275,"data":{"title":"Top 10 Node.js CMS of 2020","url":"/blog/top-10-nodejs-cms-of-2020","fileName":{"title":"Top 10 Nodejs CMS 2020.png","file":"Top 10 Nodejs CMS 2020.png","contentType":"media","url":"/top-10-nodejs-cms-2020png-z8Ww1H","src":"https://sonicjscom.s3.us-west-1.amazonaws.com/Top 10 Nodejs CMS 2020.png"},"body":"<p style=\"margin-left:0px;\">With so many competing framework solutions available today, it can be overwhelming to choose one for your specific needs. We have prepared a list of the 10 top Node.js that will stand strong in 2020. This is based on their current popularity, the size of their communities, and the growing number of users they have.</p><p>The list is in no particular order and we find all of the Node.js solutions we mention to be quite reliable.</p><h2 style=\"margin-left:0px;\">1-SonicJs</h2><p><span style=\"background-color:rgb(248,248,248);color:rgb(33,37,41);\">This particular Node.js is becoming the buzzword all over the industry and it makes perfect sense due to how stable it is. A very reliable option that is used for the development and design of outstanding webs and apps.</span></p><h2 style=\"margin-left:0px;\">2-LoopbackJs</h2><p><span style=\"background-color:rgb(248,248,248);color:rgb(33,37,41);\">Very flexible and also reliable with all of its features. This is a popular choice that you can expect to see implemented by many developers in 2020. A fast workflow is one of the strongest advantages of this particular Node.js.</span></p><h2 style=\"margin-left:0px;\">3-KoaJs</h2><p><span style=\"background-color:rgb(248,248,248);color:rgb(33,37,41);\">This is a very lightweight framework that provides excellent functions and it has also shown to be gaining popularity quite fast. The year 2020 promises to be a great one for KoaJs and for the Node.js community in general.</span></p><h2 style=\"margin-left:0px;\">4-NestJs</h2><p><span style=\"background-color:rgb(248,248,248);color:rgb(33,37,41);\">Flexibility and a progressive API framework that allows you to create highly scalable applications. These are just a few of the features that make this particular Node.js so appealing.</span></p><h2 style=\"margin-left:0px;\">5-HapiJs</h2><p><span style=\"background-color:rgb(248,248,248);color:rgb(33,37,41);\">The levels of control you get when it comes to request handling are quite good and you have several functions that make the creation of web servers very easy.</span></p><h2 style=\"margin-left:0px;\">6-DerbyJs</h2><p><span style=\"background-color:rgb(248,248,248);color:rgb(33,37,41);\">The creation of modern web applications has never been as easy as it is with Node.js solutions like DerbyJs. The data synchronization features are also quite reliable.</span></p><h2 style=\"margin-left:0px;\">7-TotalJs</h2><p><span style=\"background-color:rgb(248,248,248);color:rgb(33,37,41);\">Practical, simplistic, and no high maintenance required. This is the kind of Node.js that is perfect for small projects and it has become quite a reliable choice that is gaining popularity as we get closer to 2020.</span></p><h2 style=\"margin-left:0px;\">8-AdonisJs</h2><p><span style=\"background-color:rgb(248,248,248);color:rgb(33,37,41);\">Very stable, and gaining popularity for having one of the most simplistic approaches without failing to deliver what is needed. This level of simplicity can be a welcome addition in the modern world.</span></p><h2 style=\"margin-left:0px;\">9-KeystoneJs</h2><p><span style=\"background-color:rgb(248,248,248);color:rgb(33,37,41);\">This one is geared towards database-driven apps and websites. A definite choice to consider for anyone who is currently involved in design and development.</span></p><h2 style=\"margin-left:0px;\">10-restifyJs</h2><p>Restify is making waves in the community for the large number of features that it offers. It has also been optimized for the creation of web services. You can be sure that this is going to end up being a very popular choice in 2020.</p><h2 style=\"margin-left:0px;\">Final thoughts</h2><p>The era of the Node.js Content Management System is finally here. There is no question that this is going to lead to some relevant changes in the coming years and these framework solutions are going to be quite active.</p><p>The year 2020 is going to be extremely exciting for Node.js as it will start to be implemented by more developers and designers. The power of the Node.js CMS is undeniable and it will become a very common upgrade for developers and designers worldwide.</p>","submit":true,"contentType":"blog"},"contentTypeId":"blog","createdByUserId":1,"lastUpdatedByUserId":1,"createdOn":"2021-05-20T01:53:30.120Z","updatedOn":"2021-07-21T01:16:55.617Z","url":"/blog/top-10-nodejs-cms-of-2020","tags":"{}"}