{"id":276,"data":{"title":"What is the Best Node.js CMS?","url":"/blog/what-is-the-best-nodejs-cms","fileName":{"title":"What is the best Nodejs CMS","file":"What is the best Nodejs CMS.png","contentType":"media","url":"/what-is-the-best-nodejs-cms-LmiJvJ"},"body":"<p style=\"margin-left:0px;\">There is no question that things have changed drastically in the world of CMS. With web design continuing to be an essential part of any business, it is crucial to ensure that reliable CMS solutions are available to people looking to create great websites and applications.</p><p>The Node.js phenomenon has grown immensely and there are many Content Management Systems that make use of it. Today, we are going to be talking about what the best Node.js CMS is and which ones you should consider to be the best options.</p><h2 style=\"margin-left:0px;\">The best of the best</h2><p><span style=\"background-color:rgb(248,248,248);color:rgb(33,37,41);\">While it could be possible that a small number of Node.js Content Management System choices are going to be superior to the rest, the truth is that none of the systems we have tried have been equal in all areas, but some of them have been very efficient We are going to give you a list of 5 Node.js CMS options that are going to be ideal for a reliable experience.</span></p><h2 style=\"margin-left:0px;\">SonicJs</h2><p><span style=\"background-color:rgb(248,248,248);color:rgb(33,37,41);\">This CMS is on the list because it has been built to take care of everything you may need in order to start your project. The creation of dynamic content has never been easier and you can expect to find a huge library that is sure to help solve any of your design and development challenges.</span></p><h2 style=\"margin-left:0px;\">Nodebeats</h2><p><span style=\"background-color:rgb(248,248,248);color:rgb(33,37,41);\">One of the greatest aspects of this particular CMS is that it has been around for a while. The longer a CMS is available, the more they will polish all bugs and issues that come with it. This means that you can expect a truly reliable experience when using NodeBeats.</span></p><h2 style=\"margin-left:0px;\">KeystoneJs</h2><p><span style=\"background-color:rgb(248,248,248);color:rgb(33,37,41);\">This particular CMS is very powerful and simplistic in structure. It appeals to designers and developers for this reason, but it’s also very complex and easy to expand when you understand the coding behind it. It is widely used for e-commerce applications.</span></p><h2 style=\"margin-left:0px;\">Strapi</h2><p><span style=\"background-color:rgb(248,248,248);color:rgb(33,37,41);\">The vast number of features in this CMS has always placed it at the top of the best options for developers. All kinds of applications and dynamic websites can be built with this powerful CMS solution. You can’t go wrong when you make use of this particular Node.js CMS.</span></p><h2 style=\"margin-left:0px;\">Ghost CMS</h2><p><span style=\"background-color:rgb(248,248,248);color:rgb(33,37,41);\">With so many options available, the highly intricate and robust solutions provided by this CMS are definitely catching on and becoming quite a popular choice worldwide. It can be described as easy to pick up, but complex enough to help you handle the most demanding design and development challenges.</span></p><h2 style=\"margin-left:0px;\">Cody</h2><p><span style=\"background-color:rgb(248,248,248);color:rgb(33,37,41);\">The amount of flexibility that is provided by this particular CMS is quite good. There are all kinds of customizable features that have turned it into a favorite for many developers and designers looking for a practical solution.</span></p><h2 style=\"margin-left:0px;\">Final thoughts</h2><p><span style=\"background-color:rgb(248,248,248);color:rgb(33,37,41);\">There is no such thing as the best Node.js CMS, but you can be sure that there are quite a few great Node.js Content Management System options and this is the reason why we created this list. Be sure to give a good look to each of these CMS solutions to see which one fits your needs.</span></p>","submit":true,"contentType":"blog"},"contentTypeId":"blog","createdByUserId":1,"lastUpdatedByUserId":1,"createdOn":"2021-05-20T01:53:58.115Z","updatedOn":"2021-07-07T01:20:31.401Z","url":"/blog/what-is-the-best-nodejs-cms","tags":""}