{"id":277,"data":{"title":"What to look for in a Node.js CMS","url":"/blog/what-to-look-for-in-a-nodejs-cms","fileName":{"title":"What to look for in a Nodejs CMS","file":"What to look for in a Nodejs CMS.png","contentType":"media","url":"/what-to-look-for-in-a-nodejs-cms-u4fYp2"},"body":"<p style=\"margin-left:0px;\">When a web developer and designer wants to be able to handle a large amount of work without wasting time or fixing bugs and issues, they know that they need a reliable Content Management System in order to get the job done.</p><p>Contrary to popular belief, a good Node.js CMS is not something that is meant to be only for inexperienced coders. It’s also meant to be for the seasoned designer that wants to make their job easier and wants to get more work done when they dealing with deadlines.</p><p>With that said, it’s very important to be able to choose the right CMS for your needs. Today, we are going to give you some of the most important details on the features you want to see in your CMS. This will be essential for your design and development needs.</p><h2 style=\"margin-left:0px;\">The top features you want to see in a Node.js Content Management System</h2><h3 style=\"margin-left:0px;\">A simple and painless installation process</h3><p><span style=\"background-color:rgb(248,248,248);color:rgb(33,37,41);\">By simple, we mean that within a couple of steps you should have your CMS ready to go, and by painless we mean that it shouldn’t be plagued with bugs and issues that are going to set your project back.</span></p><h3 style=\"margin-left:0px;\">A powerful content editor</h3><p><span style=\"background-color:rgb(248,248,248);color:rgb(33,37,41);\">Some CMS have very weak content editions features. This means that they have a small number of features to tweak text, images, tables, and any other content related modifications to help you enhance the look of any website. The CMS you choose to use should provide a powerful content editor, or at least the option to enhance it with ease.</span></p><h3 style=\"margin-left:0px;\">Third party integrations</h3><p><span style=\"background-color:rgb(248,248,248);color:rgb(33,37,41);\">This is very important because it will add an extra dimension to the CMS when the community contributes to it’s growth. The more third party support that a CMS can get, the more likely there will be a solution for any design and development roadblock that you can face during a project.</span></p><h3 style=\"margin-left:0px;\">Ecommerce features</h3><p><span style=\"background-color:rgb(248,248,248);color:rgb(33,37,41);\">No CMS can be complete today if there is no Ecommerce support, being able to setup a shop in order to sell products with ease is an essential part of any CMS structure.</span></p><h3 style=\"margin-left:0px;\">A large support community</h3><p><span style=\"background-color:rgb(248,248,248);color:rgb(33,37,41);\">The amount of support that is given to a CMS is going to be very important. The larger the community, the more likely you are to find a solution to any problem that you have by asking in forums and groups.</span></p><h3 style=\"margin-left:0px;\">Solid core functionality</h3><p>This means that it should be easy for the CMS to maintain stability when you make use of the features it offers. A good development foundation for a CMS goes a long way once a large number of people tests it.</p><p>These are a few Node.js CMS options that you will find very reliable:</p><ul><li>SonicJs</li><li>Strapi</li><li>Cody</li><li>Ghost</li><li>NodeBeats</li></ul><h3 style=\"margin-left:0px;\">Final thoughts</h3><p>There are many CMS options out there and you will find some that may not be as good as you expect. The most important thing to consider is that the CMS of your choice should be stable and it should have the features you need for your development and design needs.When a web developer and designer wants to be able to handle a large amount of work without wasting time or fixing bugs and issues, they know that they need a reliable Content Management System in order to get the job done.</p><p>Contrary to popular belief, a good Node.js CMS is not something that is meant to be only for inexperienced coders. It’s also meant to be for the seasoned designer that wants to make their job easier and wants to get more work done when they dealing with deadlines.</p><p>With that said, it’s very important to be able to choose the right CMS for your needs. Today, we are going to give you some of the most important details on the features you want to see in your CMS. This will be essential for your design and development needs.</p><h2 style=\"margin-left:0px;\">The top features you want to see in a Node.js Content Management System</h2><h3 style=\"margin-left:0px;\">A simple and painless installation process</h3><p><span style=\"background-color:rgb(248,248,248);color:rgb(33,37,41);\">By simple, we mean that within a couple of steps you should have your CMS ready to go, and by painless we mean that it shouldn’t be plagued with bugs and issues that are going to set your project back.</span></p><h3 style=\"margin-left:0px;\">A powerful content editor</h3><p><span style=\"background-color:rgb(248,248,248);color:rgb(33,37,41);\">Some CMS have very weak content editions features. This means that they have a small number of features to tweak text, images, tables, and any other content related modifications to help you enhance the look of any website. The CMS you choose to use should provide a powerful content editor, or at least the option to enhance it with ease.</span></p><h3 style=\"margin-left:0px;\">Third party integrations</h3><p><span style=\"background-color:rgb(248,248,248);color:rgb(33,37,41);\">This is very important because it will add an extra dimension to the CMS when the community contributes to it’s growth. The more third party support that a CMS can get, the more likely there will be a solution for any design and development roadblock that you can face during a project.</span></p><h3 style=\"margin-left:0px;\">Ecommerce features</h3><p><span style=\"background-color:rgb(248,248,248);color:rgb(33,37,41);\">No CMS can be complete today if there is no Ecommerce support, being able to setup a shop in order to sell products with ease is an essential part of any CMS structure.</span></p><h3 style=\"margin-left:0px;\">A large support community</h3><p><span style=\"background-color:rgb(248,248,248);color:rgb(33,37,41);\">The amount of support that is given to a CMS is going to be very important. The larger the community, the more likely you are to find a solution to any problem that you have by asking in forums and groups.</span></p><h3 style=\"margin-left:0px;\">Solid core functionality</h3><p>This means that it should be easy for the CMS to maintain stability when you make use of the features it offers. A good development foundation for a CMS goes a long way once a large number of people tests it.</p><p>These are a few Node.js CMS options that you will find very reliable:</p><ul><li>SonicJs</li><li>Strapi</li><li>Cody</li><li>Ghost</li><li>NodeBeats</li></ul><h3 style=\"margin-left:0px;\">Final thoughts</h3><p>There are many CMS options out there and you will find some that may not be as good as you expect. The most important thing to consider is that the CMS of your choice should be stable and it should have the features you need for your development and design needs.</p>","submit":true,"contentType":"blog"},"contentTypeId":"blog","createdByUserId":1,"lastUpdatedByUserId":1,"createdOn":"2021-05-20T01:54:31.796Z","updatedOn":"2021-07-07T01:17:53.258Z","url":"/blog/what-to-look-for-in-a-nodejs-cms","tags":""}