{"id":278,"data":{"title":"Why Node.js based CMS are the Future","url":"/blog/why-nodejs-based-cms-are-the-future","fileName":{"title":"Why Node.js based CMS are the Future","file":"Why Node.js based CMS are the Future.png","contentType":"media","url":"/why-nodejs-based-cms-are-the-future-8IQVKG"},"body":"<p style=\"margin-left:0px;\">Content Management Systems have been widely used all over the world by designers and developers to make their jobs easier to handle. With content management, you can do more with your time, and this has been a key factor in their popularity. Now that we are entering the IoT era, the CMS as we once knew it needed to evolve into something more reliable and compatible with modern IT.</p><p>Node.js has proven to be the next step in that evolution and this is one of the reasons why it has turned into such a powerful and reliable choice. The headless CMS is a system that is independent from hosts features and it allows the creation of content to be quite easy, but most of all, it helps create a much more customizable and properly organized project.</p><h2 style=\"margin-left:0px;\">The main concern with traditional CMS</h2><p><span style=\"background-color:rgb(248,248,248);color:rgb(33,37,41);\">The traditional CMS solutions available today have a very big problem to deal with, and that is the lack of features to introduce IoT to each project. With the use of Node.js, this is no longer a problem. Another serious flaw with older CMS is that they lack the dynamic project management features that are so powerful and useful in any Node.js CMS.</span></p><h2 style=\"margin-left:0px;\">Are the new CMS solutions user friendly?</h2><p>It sounds like these modern CMS may be a bit too complex for users who simply want to design sites, but the truth is that the headless CMS continues to be a very user friendly CMS. One of the best features is the amount of control that you have over the content and how you publish that content. The system is flexible and quite intuitive regardless of how complex it can become.</p><p>You also have the security factor with a publishing environment that is not accessible from databases. This is a key factor in the process of stopping any kind of malware attack from taking place.</p><h2 style=\"margin-left:0px;\">The word is out on headless CMS</h2><p><span style=\"background-color:rgb(248,248,248);color:rgb(33,37,41);\">The headless CMS is not just an option now, it’s more of an unavoidable replacement for the traditional CMS. There is plenty to discuss in terms of how these new systems will help upgrade and enhance design and development, but the advantages are undeniable and the learning curve is not going to be steep enough to keep people from adapting to the new system.</span></p><h2 style=\"margin-left:0px;\">There are many choices available</h2><p><span style=\"background-color:rgb(248,248,248);color:rgb(33,37,41);\">One of the best things about Node.js based CMS is that the number of options has significantly increased. This means that you are looking at a transition period into these new systems due to how robust they have proven to be. This variety and the amount of support from their respective communities makes it an even more encouraging change to embrace.</span></p><h2 style=\"margin-left:0px;\">Final thoughts</h2><p><span style=\"background-color:rgb(248,248,248);color:rgb(33,37,41);\">Node.js based CMS are without a doubt the future and also the present for many developers and designers. The Internet of Things is now part of our lives and we need to make sure that we are using technology that is compatible with the modern world.</span></p>","submit":true,"contentType":"blog"},"contentTypeId":"blog","createdByUserId":1,"lastUpdatedByUserId":1,"createdOn":"2021-05-20T01:54:57.431Z","updatedOn":"2021-07-07T01:15:09.461Z","url":"/blog/why-nodejs-based-cms-are-the-future","tags":""}