{"id":280,"data":{"formSettingsId":"134","name":"Lane","email":"ldc0618@gmail.com","message":"Duis mollis, est non commodo luctus, nisi erat porttitor ligula, eget lacinia odio sem nec elit. Curabitur blandit tempus porttitor. Lorem ipsum dolor sit amet, consectetur adipiscing elit. Vivamus sagittis lacus vel augue laoreet rutrum faucibus dolor auctor. Etiam porta sem malesuada magna mollis euismod. Aenean lacinia bibendum nulla sed consectetur.","submit":true,"contentType":"contact","url":"/contact-agvehr"},"contentTypeId":"contact","createdByUserId":1,"lastUpdatedByUserId":1,"createdOn":"2021-05-21T02:52:27.850Z","updatedOn":"2021-05-21T02:52:27.850Z","url":"/contact-agvehr","tags":""}