{"id":281,"data":{"formSettingsId":"134","name":"Lane","email":"lcampbell@surgeforward.com","message":"Praesent commodo cursus magna, vel scelerisque nisl consectetur et. Sed posuere consectetur est at lobortis. Maecenas faucibus mollis interdum. Aenean lacinia bibendum nulla sed consectetur. Aenean lacinia bibendum nulla sed consectetur. Aenean lacinia bibendum nulla sed consectetur. Cum sociis natoque penatibus et magnis dis parturient montes, nascetur ridiculus mus.","submit":true,"contentType":"contact","url":"/contact-yBMlpV"},"contentTypeId":"contact","createdByUserId":1,"lastUpdatedByUserId":1,"createdOn":"2021-05-21T15:57:24.920Z","updatedOn":"2021-05-21T15:57:24.920Z","url":"/contact-yBMlpV","tags":""}