{"id":30,"data":{"view":"swipper","galleryImages":[{"select":{"title":"Node.js CMS - Dashboard.png","file":"Node.js CMS - Dashboard.png","contentType":"media","url":"/nodejs-cms-dashboardpng-2By2vl","src":"https://sonicjscom.s3.us-west-1.amazonaws.com/Node.js CMS - Dashboard.png"},"title":"Dashboard","body":"Your admin dashboard can be setup to display site KPIs."},{"select":{"title":"Node.js CMS - Content Manager.png","file":"Node.js CMS - Content Manager.png","contentType":"media","url":"/nodejs-cms-content-managerpng-AbXFIL","src":"https://sonicjscom.s3.us-west-1.amazonaws.com/Node.js CMS - Content Manager.png"},"title":"Content Types","body":"Content types are the primary container for your content. They can be modified of the fly to meet the needs of your website design."},{"select":{"title":"Node.js CMS - Content Type Edit.png","file":"Node.js CMS - Content Type Edit.png","contentType":"media","url":"/nodejs-cms-content-type-editpng-CtXS1b","src":"https://sonicjscom.s3.us-west-1.amazonaws.com/Node.js CMS - Content Type Edit.png"},"title":"Content Type Edit","body":"Content types are the what defines the content you intend to manage. Their are over 20 fields that can be used to \"automagically\" generated data entry forms."},{"select":{"title":"Node.js CMS - Edit Content.png","file":"Node.js CMS - Edit Content.png","contentType":"media","url":"/nodejs-cms-edit-contentpng-hGKAsr","src":"https://sonicjscom.s3.us-west-1.amazonaws.com/Node.js CMS - Edit Content.png"},"title":"Edit Content","body":"Once your content types are defined, use the automatically generated content edit forms to manage site content."},{"select":{"title":"Node.js CMS - Field Types.png","file":"Node.js CMS - Field Types.png","contentType":"media","url":"/nodejs-cms-field-typespng-giO2BT","src":"https://sonicjscom.s3.us-west-1.amazonaws.com/Node.js CMS - Field Types.png"},"title":"Field Types","body":"Field types are the building blocks of content types and allow you to custom tailor the content editing forms used to manage site content."},{"select":{"title":"Node.js CMS - Front End Json Editor.png","file":"Node.js CMS - Front End Json Editor.png","contentType":"media","url":"/nodejs-cms-front-end-json-editorpng-ovAZGo","src":"https://sonicjscom.s3.us-west-1.amazonaws.com/Node.js CMS - Front End Json Editor.png"},"title":"Front End Page Settings","body":"Page settings can be edited from the front end without visiting the back end. The fields on this screen are simply whatever is defined in the \"page\" content type. They can be edited on the fly in the back end."},{"select":{"title":"Node.js CMS - Front End Page Settings.png","file":"Node.js CMS - Front End Page Settings.png","contentType":"media","url":"/nodejs-cms-front-end-page-settingspng-3Y4G0q","src":"https://sonicjscom.s3.us-west-1.amazonaws.com/Node.js CMS - Front End Page Settings.png"},"title":"Front End WYSIWYG Editor","body":"The front end WYSIWYG editor allows non technical users to edit site content."},{"select":{"title":"Node CMS menu systems.png","file":"Node CMS menu systems.png","contentType":"media","url":"/node-cms-menu-systemspng-BEkQUP","src":"https://sonicjscom.s3.us-west-1.amazonaws.com/Node CMS menu systems.png"},"title":"Menu Manager","body":"Multiple menus can be managed from the back end. Menu links can go to site pages, assets, or even off-site assets."},{"select":{"title":"Node.js CMS - Front End CSS Editing.png","file":"Node.js CMS - Front End CSS Editing.png","contentType":"media","url":"/nodejs-cms-front-end-css-editingpng-58kXpD","src":"https://sonicjscom.s3.us-west-1.amazonaws.com/Node.js CMS - Front End CSS Editing.png"},"title":"Front End CSS Editing","body":"The site CSS can be edited in real time using the built in CSS editor, or you can use your favorite IDE."},{"select":{"title":"Node.js CMS - Media Manager.png","file":"Node.js CMS - Media Manager.png","contentType":"media","url":"/nodejs-cms-media-managerpng-gMGiC1","src":"https://sonicjscom.s3.us-west-1.amazonaws.com/Node.js CMS - Media Manager.png"},"title":"Media Manager","body":"SonicJs' built media management system makes it easy to manage images, videos and other assets."},{"select":{"title":"Node.js CMS - Content Manager.png","file":"Node.js CMS - Content Manager.png","contentType":"media","url":"/nodejs-cms-content-managerpng-AbXFIL","src":"https://sonicjscom.s3.us-west-1.amazonaws.com/Node.js CMS - Content Manager.png"},"title":"Module Management","body":"Modules are very powerful in SonicJs - they can use the system's many hooks to alter core functionality and even the functionality of other modules."},{"select":{"title":"Node.js CMS - Front End Json Editor.png","file":"Node.js CMS - Front End Json Editor.png","contentType":"media","url":"/nodejs-cms-front-end-json-editorpng-ovAZGo","src":"https://sonicjscom.s3.us-west-1.amazonaws.com/Node.js CMS - Front End Json Editor.png"},"title":"Front End Json Editor","body":"The Json editor allows you to quickly edit advanced settings or make subtle tweaks to the html output."},{"select":{"title":"Node.js CMS - Back End Login.png","file":"Node.js CMS - Back End Login.png","contentType":"media","url":"/nodejs-cms-back-end-loginpng-AQgj9D","src":"https://sonicjscom.s3.us-west-1.amazonaws.com/Node.js CMS - Back End Login.png"},"title":"Back End Login","body":"SonicJs' admin is password protected. Roles and permission can be used to further limit access to various parts of the back end or front end editing."}],"submit":true,"tags":"Home","contentType":"gallery","url":"/gallery-QfVPla"},"contentTypeId":"gallery","createdByUserId":1,"lastUpdatedByUserId":1,"createdOn":"2021-04-22T02:56:21.469Z","updatedOn":"2021-07-21T01:12:22.184Z","url":"/gallery-QfVPla","tags":"{}"}