{"id":307,"data":{"title":"Node.js Headless CMS","showHero":true,"heroTitle":"Node.js Headless CMS","pageCssClass":"","autoGenerateUrl":true,"url":"/nodejs-headless-cms","metaTitle":"Node.js Headless CMS","metaDescription":"SonicJs is commonly used as a Node.js Headless CMS","pageTemplate":"none","isPageTemplate":false,"submit":true,"contentType":"page","layout":["308"]},"contentTypeId":"page","createdByUserId":1,"lastUpdatedByUserId":1,"createdOn":"2021-06-23T16:55:27.571Z","updatedOn":"2021-06-23T16:55:46.607Z","url":"/nodejs-headless-cms","tags":""}