{"id":312,"data":{"headerLevel":"h1","position":"center","text":"How is Content Accessed From a Headless CMS?","slug":"how-is-content-accessed-from-a-headless-cms","cssClass":"mb-5 mt-6","submit":true,"contentType":"title","url":"/how-is-content-accessed-from-a-headless-cms-xIOqu8"},"contentTypeId":"title","createdByUserId":1,"lastUpdatedByUserId":1,"createdOn":"2021-06-23T16:58:47.496Z","updatedOn":"2021-06-23T16:58:47.496Z","url":"/how-is-content-accessed-from-a-headless-cms-xIOqu8","tags":""}