{"id":314,"data":{"headerLevel":"h1","position":"center","text":"Why is SonicJs a Great Choice as a Headless CMS?","slug":"why-is-sonicjs-a-great-choice-as-a-headless-cms","cssClass":"mb-5 mt-6","submit":true,"contentType":"title","url":"/why-is-sonicjs-a-great-choice-as-a-headless-cms-C2DoXK"},"contentTypeId":"title","createdByUserId":1,"lastUpdatedByUserId":1,"createdOn":"2021-06-23T16:59:32.020Z","updatedOn":"2021-06-23T16:59:32.020Z","url":"/why-is-sonicjs-a-great-choice-as-a-headless-cms-C2DoXK","tags":""}