{"id":316,"data":{"title":"SonicJs Now Supports Over 10 Popular Databases!","url":"/blog/sonicjs-now-supports-over-10-popular-databases","fileName":{"title":"sonicjs-nodejs-cms-multi-database-support","file":"sonicjs-nodejs-cms-multi-database-support.png","contentType":"media","url":"/sonicjsnodejscmsmultidatabasesupport-54olXM"},"body":"<p>Today marks the release of Beta 0.4.4. This release is packed with new features.</p><p>Among them is the implementation of TypeORM, a popular Node.js based ORM. Check out <a href=\"https://typeorm.io\">https://typeorm.io</a> for details.</p><ul><li>TypeORM was implemented as the data access layer. As a result, SonicJs now supports MySQL, PostgreSQL, SQLite (local file based database), MariaDB, Microsoft SQL Server, Oracle, WebSQL, MongoDB, CockroachDB, SAP Hana, sql.js, and others.</li><li>Theme based view overrides allow you to override the handlesbars view at a theme level.</li><li>Many new modules added to accommodate common website building needs.<br>*Session management was enhanced. Sessions are now managed in the database, enabling better support for SonicJs running on multiple nodes.</li><li>Built in database backup, capable of being uploaded to Dropbox</li><li>Numerous bug fixes and minor enhancements</li></ul>","submit":true,"contentType":"blog"},"contentTypeId":"blog","createdByUserId":1,"lastUpdatedByUserId":1,"createdOn":"2021-06-24T19:25:23.587Z","updatedOn":"2021-06-24T19:57:15.425Z","url":"/blog/sonicjs-now-supports-over-10-popular-databases","tags":""}