{"id":325,"data":{"fileName":{"title":"sonicjs-nodejs-cms-admin-dashboard.png","file":"sonicjs-nodejs-cms-admin-dashboard.png","contentType":"media","url":"/sonicjsnodejscmsadmindashboardpng-I9vILv","src":"https://sonicjscom.s3.us-west-1.amazonaws.com/sonicjs-nodejs-cms-admin-dashboard.png"},"retinaSupport":true,"thumbnailWidth":0,"onClick":"hyperlink","clickUrl":"","css":"","submit":true,"contentType":"image","url":"/image-cuSWEb"},"contentTypeId":"image","createdByUserId":1,"lastUpdatedByUserId":1,"createdOn":"2021-06-25T03:53:48.266Z","updatedOn":"2021-07-21T01:57:30.053Z","url":"/image-cuSWEb","tags":"{}"}