{"id":327,"data":{"body":"<p>What makes SonicJs special? What separates it from the countless CMS already on the market? To answer this, let's first look at the problem SonicJs was built to solve...</p><p>Nearly all web software development tasks fall into one of two categories:</p><p><strong>Grunt Work</strong></p><p>This is the work we are forced to do in order to complete the project. It's not fun, it's not challenging, and we've done it hundreds of times, but it's gotta get done.&nbsp;</p><p>If your team has a mix of junior and senior developers, it's the work we often give to the junior devs. This isn't to say it's not important, in fact it's often critical and foundational to your app.</p><p>Examples include:</p><ol><li>User/Role/Permissions Management</li><li>CRUD Operations</li><li>API Development</li><li>Configuration Management</li><li>Sending Notifications (Emails/SMS)</li><li>Error Logging</li><li>Caching</li><li>Breadcrumbs</li><li>Routing</li><li>Data Entry Forms</li><li>So much more...</li></ol><p><strong>Fun Work</strong></p><p>This is the challenging type of work that we actually get up in the morning for. This is were we are empowered to exercise our critical thinking, get in \"the zone\" and really earn those big bucks!</p><p>Examples include:</p><ol><li>Complex Business Rules</li><li>Advanced UX/UI</li><li>Deep Domain Knowledge</li><li>Integrations With Other Services/Platforms</li><li>Performance Tuning</li></ol><p>So what does that all have to do with SonicJs? As web developers, we often repeat the above mentioned \"grunt work\" types of tasks over and over. <strong>SonicJs is a platform laser focused on the goal of categorizing, analyzing and platformizing these common tasks.</strong></p><p><strong>So How Does SonicJs Actually Help Minimize Time Consuming Grunt Work?</strong></p><p>SonicJs' core is surprisingly lightweight, this is why the entire application, even with all it's core modules enabled, only takes about 2 seconds to load via \"npm start\".</p><p>As SonicJs goes thru its startup and page rendering processes, it emits \"hooks\" along the way. Modules can register these hooks and perform their own custom logic. While the event/emitter or pub/sub design patterns are certainly not unique to SonicJs, they are surprising incredible hard to find properly implemented in any CMS.&nbsp;</p><p>Most CMS have some sort of API that allows the developer to interact with the core CMS. They are almost always, with very few exceptions, dismally limited in what you can do with them. This forces the CMS to be highly opinionated with respect to how they resolve the various problems. With SonicJS, you can modify or extend just what you need without having to rewrite an entire module, or even understand the entire inner workings of the module. Moreover, SonicJs allows you to alter core functionality via your own modules and even alter other modules via their own custom hooks.&nbsp;</p><p>Another major distinction that goes above and beyond SonicJs' hook system, is the built in form builder. SonicJs has tight integration and has extended Form.io (<a href=\"https://www.form.io/\">https://www.form.io/</a>). This enables developers to build a consistent administrative user experience across the entire platform. If you've ever used Wordpress, you know how annoying it is that every module has a totally separate UI/UX which mandates a separate learning curve.</p><p>There are loads of features too, which grows every month. Whether you are building a website of any complexity, a business/consumer web application or even looking for a solid headless CMS for your module/IoT app, SonicJs may just be the platform that you've been looking for!</p><p><strong>Business Impact</strong></p><p>So what is the net business impact of using SonicJs? Using SonicJS CMS as your platform of choice <strong>can reduce your project's development hours by up to 70%</strong>! In many cases, event fairly complex, full featured websites/web applications with custom content types can all be generated with zero custom coding. SonicJs is a great choice for a wide array of common web development applications.</p>","submit":true,"contentType":"html","url":"/pipsump-fP9a7W"},"contentTypeId":"html","createdByUserId":1,"lastUpdatedByUserId":1,"createdOn":"2021-06-26T01:46:42.378Z","updatedOn":"2021-06-30T15:12:40.442Z","url":"/pipsump-fP9a7W","tags":""}