{"id":336,"data":{"title":"Junk Docs","showHero":false,"showHeroCompact":true,"pageCssClass":"","autoGenerateUrl":false,"url":"/docs/junk-docs","metaTitle":"","metaDescription":"","pageTemplate":"141","isPageTemplate":false,"submit":true,"contentType":"page","pageTemplateRegions":[{"regionId":"154","shortCodes":"[TITLE id=\"348\"][TITLE id=\"352\"][ALERT id=\"337\"][ALERT id=\"337\"]"}]},"contentTypeId":"page","createdByUserId":1,"lastUpdatedByUserId":1,"createdOn":"2021-06-29T21:52:14.323Z","updatedOn":"2021-06-30T01:56:59.273Z","url":"/docs/junk-docs","tags":""}