{"id":353,"data":{"body":"<div class=\"form-group checkbox\"><input type=\"checkbox\" class=\"form-check-input\" id=\"exampleCheckBase\"> <label class=\"form-check-label\" for=\"exampleCheckBase\">Check me out</label></div>","css":"","submit":true,"contentType":"text","url":"/div-classformgroup-checkboxinput-typecheckbox-classformcheckinput-idexamplecheckbase-label-classformchecklabel-forexamplecheckbasecheck-me-outlabeldiv-Uk2ukO","id":"338"},"contentTypeId":"text","createdByUserId":1,"lastUpdatedByUserId":1,"createdOn":"2021-06-30T01:59:33.473Z","updatedOn":"2021-06-30T01:59:33.473Z","url":"/div-classformgroup-checkboxinput-typecheckbox-classformcheckinput-idexamplecheckbase-label-classformchecklabel-forexamplecheckbasecheck-me-outlabeldiv-Uk2ukO","tags":""}