{"id":376,"data":{"title":"CMS Terms and Conditions","showHero":true,"showHeroCompact":false,"heroTitle":"CMS Terms and Conditions","pageCssClass":"","autoGenerateUrl":false,"url":"/app-usage-terms","metaTitle":"","metaDescription":"","pageTemplate":"none","isPageTemplate":false,"submit":true,"contentType":"page","layout":["377"]},"contentTypeId":"page","createdByUserId":1,"lastUpdatedByUserId":1,"createdOn":"2021-07-01T16:28:04.735Z","updatedOn":"2021-07-01T16:28:07.731Z","url":"/app-usage-terms","tags":""}