{"id":382,"data":{"title":"Modules","showHero":false,"showHeroCompact":true,"pageCssClass":"","autoGenerateUrl":false,"url":"/docs/user-guide/modules","metaTitle":"Modules - User Guide","metaDescription":"","pageTemplate":"141","isPageTemplate":false,"submit":true,"contentType":"page","pageTemplateRegions":[{"regionId":"154","shortCodes":"[TITLE id=\"384\"][HTML id=\"383\"][TITLE id=\"385\"][HTML id=\"386\"]"}]},"contentTypeId":"page","createdByUserId":1,"lastUpdatedByUserId":1,"createdOn":"2021-07-02T00:39:49.622Z","updatedOn":"2021-07-02T00:51:02.170Z","url":"/docs/user-guide/modules","tags":""}