{"id":387,"data":{"title":"Themes","showHero":false,"showHeroCompact":true,"pageCssClass":"","autoGenerateUrl":false,"url":"/docs/user-guide/themes","metaTitle":"Themes - User Guide","metaDescription":"","pageTemplate":"141","isPageTemplate":false,"submit":true,"contentType":"page","pageTemplateRegions":[{"regionId":"154","shortCodes":"[TITLE id=\"388\"][HTML id=\"389\"]"}]},"contentTypeId":"page","createdByUserId":1,"lastUpdatedByUserId":1,"createdOn":"2021-07-02T02:19:08.188Z","updatedOn":"2021-07-02T02:23:36.345Z","url":"/docs/user-guide/themes","tags":""}