{"id":389,"data":{"body":"<p>Themes (aka website template or skin) is where the overall look and feel of the website is managed. The theme is responsible for establishing your site's:</p><ul><li>Top Nav Style</li><li>Fonts (family, color, sizes)</li><li>Background color</li><li>Spacings</li><li>Form Styles</li><li>Footer</li><li>Responsive Functionality (Mobile view)</li></ul><p>In SonicJs, not only do you have full control of your site's theme, but you can make many basic visual adjustments from the site settings without having to alter the html or css code.</p><p>Currently SonicJs supported Bootstrap 4 based themes. In the near future, Bootstrap 5 will also be supported. In the longer term, supported Material UI is also in the roadmap.</p><p>SonicJs by default uses our own \"Dashcore\" theme. Dashcore is the theme used here on sonicjs.com. There is also a vanilla Boostrap 4 theme and a couple other that can be used as-is or as a starting point for your own custom theme.</p><p>It is very easy to take an existing Bootstrap theme and convert it to be compatible with SonicJs. Please see the <a href=\"/docs/developers-guide/themes\">theme section in the developers guide</a> for more details.</p><p>The long term vision with SonicJs is to have a few bases themes that are highly configurable using a visual editor. This will also non-designers to be able to generate great looking websites without need to alter html css. For designers, SonicJs will continue to support manually editing your theme's html/css in your favorite IDE.</p>","submit":true,"contentType":"html","url":"/pthemes-aka-website-template-or-skins-is-where-the-overall-look-and-feel-of-the-website-is-managed-the-theme-is-responsible-for-establishing-your-sitespulliback-ground-colorliul-OSEjoQ"},"contentTypeId":"html","createdByUserId":1,"lastUpdatedByUserId":1,"createdOn":"2021-07-02T02:23:36.327Z","updatedOn":"2021-07-02T02:59:45.478Z","url":"/pthemes-aka-website-template-or-skins-is-where-the-overall-look-and-feel-of-the-website-is-managed-the-theme-is-responsible-for-establishing-your-sitespulliback-ground-colorliul-OSEjoQ","tags":""}