{"id":391,"data":{"title":"Data Model","showHero":false,"showHeroCompact":true,"pageCssClass":"","autoGenerateUrl":false,"url":"/docs/developer-guide/data-model","metaTitle":"Data Model - Developer Guide","metaDescription":"","pageTemplate":"141","isPageTemplate":false,"submit":true,"contentType":"page","pageTemplateRegions":[{"regionId":"154","shortCodes":"[TITLE id=\"392\"][HTML id=\"393\"][TITLE id=\"395\"][HTML id=\"396\"][CODE-SNIPPET id=\"394\"][TITLE id=\"397\"][HTML id=\"398\"][TEXT id=\"399\"][TITLE id=\"400\"][HTML id=\"401\"][TEXT id=\"402\"][TITLE id=\"403\"][HTML id=\"404\"][TEXT id=\"405\"][TITLE id=\"406\"][HTML id=\"407\"][TEXT id=\"408\"]"}]},"contentTypeId":"page","createdByUserId":1,"lastUpdatedByUserId":1,"createdOn":"2021-07-02T18:42:39.688Z","updatedOn":"2021-07-06T21:09:23.495Z","url":"/docs/developer-guide/data-model","tags":""}