{"id":398,"data":{"body":"<p>The content entity is the main entity used in SonicJs. For most projects, well over 90% of your site content with be an instance of the content entity.</p>","submit":true,"contentType":"html","url":"/pif-you-prefer-reading-code-here-is-the-location-of-the-schema-files-as-you-can-see-there-are-only-4-main-entities-used-for-the-entire-platformp-QROQwW"},"contentTypeId":"html","createdByUserId":1,"lastUpdatedByUserId":1,"createdOn":"2021-07-02T19:23:14.575Z","updatedOn":"2021-07-02T20:55:10.803Z","url":"/pif-you-prefer-reading-code-here-is-the-location-of-the-schema-files-as-you-can-see-there-are-only-4-main-entities-used-for-the-entire-platformp-QROQwW","tags":""}