{"id":4,"data":{"title":"Main","contentType":"menu","links":[{"id":"NQ6YeBCClIQ","text":"Home","icon":"fa fa-chevron-right","li_attr":{"id":"NQ6YeBCClIQ"},"a_attr":{"href":"#","id":"NQ6YeBCClIQ_anchor"},"state":{"loaded":true,"opened":false,"selected":true,"disabled":false},"data":{"id":"NQ6YeBCClIQ","title":"Home","url":"/","showInMenu":true,"showChildren":false},"children":[],"type":"default"},{"id":"y33lwk6rsiq","text":"Blog","icon":"fa fa-chevron-right","li_attr":{"id":"y33lwk6rsiq"},"a_attr":{"href":"#","id":"y33lwk6rsiq_anchor"},"state":{"loaded":true,"opened":false,"selected":false,"disabled":false},"data":{"id":"y33lwk6rsiq","title":"Blog","url":"/blog","showInMenu":true,"showChildren":false},"children":[],"type":"default"},{"id":"uefd74hllb","text":"Docs","icon":"fa fa-chevron-right","li_attr":{"id":"uefd74hllb"},"a_attr":{"href":"#","id":"uefd74hllb_anchor"},"state":{"loaded":true,"opened":false,"selected":false,"disabled":false},"data":{"id":"uefd74hllb","title":"Docs","url":"/docs","showInMenu":true,"showChildren":false},"children":[],"type":"default"},{"id":"i7ngqq76e3g","text":"Contact","icon":"fa fa-chevron-right","li_attr":{"id":"i7ngqq76e3g"},"a_attr":{"href":"#","id":"i7ngqq76e3g_anchor"},"state":{"loaded":true,"opened":false,"selected":false,"disabled":false},"data":{"id":"i7ngqq76e3g","title":"Contact","url":"/contact","showInMenu":true,"showChildren":false},"children":[],"type":"default"},{"id":"ot4afayonz","text":"About","icon":"fa fa-chevron-right","li_attr":{"id":"ot4afayonz"},"a_attr":{"href":"#","id":"ot4afayonz_anchor"},"state":{"loaded":true,"opened":false,"selected":false,"disabled":false},"data":{"id":"ot4afayonz","title":"About","url":"/about","showInMenu":true,"showChildren":false},"children":[],"type":"default"}],"url":"/main-menu"},"contentTypeId":"menu","createdByUserId":1,"lastUpdatedByUserId":1,"createdOn":"2021-04-20T01:15:49.725Z","updatedOn":"2021-04-20T01:15:49.725Z","url":"/main-menu","tags":""}