{"id":401,"data":{"body":"<p>The user entity contains email, password and various profile properties for authenticated site/app users. Similar to the content entities data property, the user entities profile property is a dynamic field that can hold any data (properties and arrays) as specified by the site administrator using the drag and drop content type editor.&nbsp;</p>","submit":true,"contentType":"html","url":"/pthe-content-entity-is-the-main-entity-used-in-sonicjs-for-most-projects-well-over-90-of-your-site-content-with-be-an-instance-of-the-content-entityp-XOiCRW"},"contentTypeId":"html","createdByUserId":1,"lastUpdatedByUserId":1,"createdOn":"2021-07-02T22:43:22.423Z","updatedOn":"2021-07-02T22:47:48.721Z","url":"/pthe-content-entity-is-the-main-entity-used-in-sonicjs-for-most-projects-well-over-90-of-your-site-content-with-be-an-instance-of-the-content-entityp-XOiCRW","tags":""}