{"id":407,"data":{"body":"<p>Tags allow for content and users to be categorized. Tag are a many-to-many relationship for both users and content.</p>","submit":true,"contentType":"html","url":"/puser-sessions-are-stored-in-the-data-to-enable-sonicjs-to-be-installed-across-multiple-server-nodes-in-productionnbspp-bkPsEw"},"contentTypeId":"html","createdByUserId":1,"lastUpdatedByUserId":1,"createdOn":"2021-07-02T23:09:39.275Z","updatedOn":"2021-07-02T23:11:22.556Z","url":"/puser-sessions-are-stored-in-the-data-to-enable-sonicjs-to-be-installed-across-multiple-server-nodes-in-productionnbspp-bkPsEw","tags":""}