{"id":409,"data":{"title":"Database Connection","showHero":false,"showHeroCompact":true,"pageCssClass":"","autoGenerateUrl":false,"url":"/docs/developer-guide/database-connection","metaTitle":"Database Connection - Developers Guide","metaDescription":"","pageTemplate":"141","isPageTemplate":false,"submit":true,"contentType":"page","pageTemplateRegions":[{"regionId":"154","shortCodes":"[TITLE id=\"411\"][HTML id=\"410\"][TITLE id=\"414\"][HTML id=\"413\"][TITLE id=\"412\"][HTML id=\"416\"][CODE-SNIPPET id=\"415\"][TITLE id=\"417\"][CODE-SNIPPET id=\"418\"][TITLE id=\"419\"][HTML id=\"420\"][TITLE id=\"421\"][FAQ id=\"422\"]"}]},"contentTypeId":"page","createdByUserId":1,"lastUpdatedByUserId":1,"createdOn":"2021-07-02T23:19:34.496Z","updatedOn":"2021-07-10T03:34:29.701Z","url":"/docs/developer-guide/database-connection","tags":"{}"}