{"id":415,"data":{"type":"html","code":"# The path your entity files, do not modify this\nTYPEORM_ENTITIES=server/data/entity/*.js\n\n# The type of database that you want to connect to\nTYPEORM_CONNECTION=sqlite\n\n# The path to your SQLite database file\nTYPEORM_DATABASE=server/data/data.sqlite\n\n# Set synchronize to true so that your tables are created in your \n# destination database if they do not exist\nTYPEORM_SYNCHRONIZE=true\n\n# Set this to true if you are troubleshooting connection \n# issues, other leave it off\nTYPEORM_LOGGING=false\n","submit":true,"contentType":"code-snippet","url":"/codesnippet-EmQojA"},"contentTypeId":"code-snippet","createdByUserId":1,"lastUpdatedByUserId":1,"createdOn":"2021-07-03T00:08:49.597Z","updatedOn":"2021-07-03T00:17:52.145Z","url":"/codesnippet-EmQojA","tags":""}