{"id":418,"data":{"type":"html","code":"TYPEORM_CONNECTION = mysql\nTYPEORM_HOST = localhost\nTYPEORM_USERNAME = root\nTYPEORM_PASSWORD = admin\nTYPEORM_DATABASE = test\nTYPEORM_PORT = 3000\nTYPEORM_SYNCHRONIZE = true\nTYPEORM_LOGGING = true\nTYPEORM_ENTITIES = server/data/entity/*.js","submit":true,"contentType":"code-snippet","url":"/codesnippet-o0gkjx"},"contentTypeId":"code-snippet","createdByUserId":1,"lastUpdatedByUserId":1,"createdOn":"2021-07-03T00:19:20.523Z","updatedOn":"2021-07-03T00:26:44.585Z","url":"/codesnippet-o0gkjx","tags":""}