{"id":420,"data":{"body":"<p>To use a database that is different from the 2 examples above, please see the full list of environment variables below:</p><ul><li>TYPEORM_CACHE</li><li>TYPEORM_CACHE_ALWAYS_ENABLED</li><li>TYPEORM_CACHE_DURATION</li><li>TYPEORM_CACHE_OPTIONS</li><li>TYPEORM_CONNECTION</li><li>TYPEORM_DATABASE</li><li>TYPEORM_DEBUG</li><li>TYPEORM_DRIVER_EXTRA</li><li>TYPEORM_DROP_SCHEMA</li><li>TYPEORM_ENTITIES</li><li>TYPEORM_ENTITIES_DIR</li><li>TYPEORM_ENTITY_PREFIX</li><li>TYPEORM_HOST</li><li>TYPEORM_LOGGER</li><li>TYPEORM_LOGGING</li><li>TYPEORM_MAX_QUERY_EXECUTION_TIME</li><li>TYPEORM_MIGRATIONS</li><li>TYPEORM_MIGRATIONS_DIR</li><li>TYPEORM_MIGRATIONS_RUN</li><li>TYPEORM_MIGRATIONS_TABLE_NAME</li><li>TYPEORM_PASSWORD</li><li>TYPEORM_PORT</li><li>TYPEORM_SCHEMA</li><li>TYPEORM_SID</li><li>TYPEORM_SUBSCRIBERS</li><li>TYPEORM_SUBSCRIBERS_DIR</li><li>TYPEORM_SYNCHRONIZE</li><li>TYPEORM_URL</li><li>TYPEORM_USERNAME</li><li>TYPEORM_UUID_EXTENSION</li></ul><p>Please refer to the <a href=\"https://typeorm.io/#/using-ormconfig/using-ormconfigjs\">TypeORM connection documentation</a> here for details.</p>","submit":true,"contentType":"html","url":"/popen-the-project-environments-file-to-set-your-database-connection-optionspppath-to-sonicjsenvp-erQfGv"},"contentTypeId":"html","createdByUserId":1,"lastUpdatedByUserId":1,"createdOn":"2021-07-03T00:21:34.292Z","updatedOn":"2021-07-03T00:25:43.776Z","url":"/popen-the-project-environments-file-to-set-your-database-connection-optionspppath-to-sonicjsenvp-erQfGv","tags":""}