{"id":427,"data":{"title":"Junk Region","showHero":true,"showHeroCompact":false,"heroTitle":"","pageCssClass":"","autoGenerateUrl":true,"url":"/junk-region","metaTitle":"","metaDescription":"","pageTemplate":"423","isPageTemplate":false,"submit":true,"contentType":"page","pageTemplateRegions":[{"regionId":"426","shortCodes":"[ALERT id=\"429\"][ALERT id=\"428\"]"}]},"contentTypeId":"page","createdByUserId":1,"lastUpdatedByUserId":1,"createdOn":"2021-07-03T01:26:40.085Z","updatedOn":"2021-07-06T19:15:05.895Z","url":"/junk-region","tags":""}