{"id":431,"data":{"title":"User profile is now content type driven","url":"/blog/user-profile-is-now-content-type-driven","fileName":{"title":"Node CMS User Managment","file":"Node CMS User Managment.png","contentType":"media","url":"/node-cms-user-managment-oRUP9S"},"body":"<p>In an effort to make the user profile easy to edit from the admin UI, the profile properties are now driven by a content.</p><p>So if you need to add a new profile property field, let's say \"Favorite Sport\" you can use the full power of the form builder to do so. Your field can be a drop down list, check box list or simple text field.</p><p>The same approach has also been taken for roles, allowing you to create role properties on the fly without any coding.</p><p>Any changes that you make in the UI are saved to a json file, making it easy to source control and share with team members.</p>","submit":true,"contentType":"blog"},"contentTypeId":"blog","createdByUserId":1,"lastUpdatedByUserId":1,"createdOn":"2021-07-06T23:56:40.028Z","updatedOn":"2021-07-06T23:56:40.028Z","url":"/blog/user-profile-is-now-content-type-driven","tags":""}