{"id":432,"data":{"title":"Drag and Drop Module Improvements","url":"/blog/drag-and-drop-module-improvements","fileName":{"title":"node_cms_drag_and_drop","file":"node_cms_drag_and_drop.png","contentType":"media","url":"/node_cms_drag_and_drop-PjPx8H"},"body":"<p>The drag and drop UX has been greatly enhanced, especially on the template regions where there were previously some issues.</p><p>End users can easily create custom layouts by defining their sections, rows, columns.</p><p>Users can then add one or more modules to each column and drag and drop them to reposition them as required.</p>","submit":true,"contentType":"blog"},"contentTypeId":"blog","createdByUserId":1,"lastUpdatedByUserId":1,"createdOn":"2021-07-07T00:26:17.220Z","updatedOn":"2021-07-07T00:34:57.419Z","url":"/blog/drag-and-drop-module-improvements","tags":""}