{"id":435,"data":{"title":"Enhanced menu system","url":"/blog/enhanced-menu-system","fileName":{"title":"Node CMS menu systems","file":"Node CMS menu systems.png","contentType":"media","url":"/node-cms-menu-systems-F8EPKW"},"body":"<p>The new menu system uses a tree navigation based menu that includes drag and drop for moving nodes to different places.</p><p>There is no save button for this UI - Changes are saved automatically in real time.</p>","submit":true,"contentType":"blog"},"contentTypeId":"blog","createdByUserId":1,"lastUpdatedByUserId":1,"createdOn":"2021-07-07T00:36:29.000Z","updatedOn":"2021-07-07T00:36:29.000Z","url":"/blog/enhanced-menu-system","tags":""}