{"id":444,"data":{"title":"Content List - Custom Modules","showHero":false,"showHeroCompact":true,"pageCssClass":"","autoGenerateUrl":false,"url":"/docs/developers-guide/modules/listing","metaTitle":"","metaDescription":"","pageTemplate":"141","isPageTemplate":false,"submit":true,"contentType":"page","pageTemplateRegions":[{"regionId":"154","shortCodes":"[TITLE id=\"445\"][HTML id=\"446\"][TITLE id=\"447\"][ALERT id=\"485\"][HTML id=\"448\"][IMAGE id=\"452\"][HTML id=\"453\"][IMAGE id=\"455\"][HTML id=\"458\"][IMAGE id=\"460\"][HTML id=\"457\"][YOUTUBE id=\"462\"][HTML id=\"461\"][IMAGE id=\"464\"][HTML id=\"466\"][CODE-SNIPPET id=\"473\"][HTML id=\"474\"][CODE-SNIPPET id=\"475\"][HTML id=\"476\"][IMAGE id=\"479\"][HTML id=\"480\"][IMAGE id=\"483\"][HTML id=\"484\"]"}]},"contentTypeId":"page","createdByUserId":1,"lastUpdatedByUserId":1,"createdOn":"2021-07-08T16:31:53.924Z","updatedOn":"2021-07-09T01:15:40.047Z","url":"/docs/developers-guide/modules/listing","tags":""}