{"id":452,"data":{"fileName":{"title":"NodeJs CMS add module .png","file":"NodeJs CMS add module .png","contentType":"media","url":"/nodejs-cms-add-module-png-BKt6Vs","src":"https://sonicjscom.s3.us-west-1.amazonaws.com/NodeJs CMS add module .png"},"retinaSupport":true,"thumbnailWidth":0,"onClick":"showFullImage","clickUrl":"","css":"","submit":true,"contentType":"image","url":"/image-6g3r9A"},"contentTypeId":"image","createdByUserId":1,"lastUpdatedByUserId":1,"createdOn":"2021-07-08T17:05:24.912Z","updatedOn":"2021-07-21T02:04:26.758Z","url":"/image-6g3r9A","tags":"{}"}