{"id":455,"data":{"fileName":{"title":"NodeJs CMS Modules list.png","file":"NodeJs CMS Modules list.png","contentType":"media","url":"/nodejs-cms-modules-listpng-Txok3E","src":"https://sonicjscom.s3.us-west-1.amazonaws.com/NodeJs CMS Modules list.png"},"retinaSupport":true,"thumbnailWidth":0,"onClick":"showFullImage","clickUrl":"","css":"","submit":true,"contentType":"image","url":"/image-fVQZfg"},"contentTypeId":"image","createdByUserId":1,"lastUpdatedByUserId":1,"createdOn":"2021-07-08T17:11:39.604Z","updatedOn":"2021-07-21T02:03:47.885Z","url":"/image-fVQZfg","tags":"{}"}