{"id":458,"data":{"body":"<p>Head back to your module list page and make sure that the new module is now listed:</p><ol><li><a href=\"http://localhost:3018/admin/modules\">http://localhost:3018/admin/modules</a></li><li>Click on \"Services\"</li><li>Click \"Edit\" for the Services content type</li></ol>","submit":true,"contentType":"html","url":"/phead-back-to-your-module-list-page-and-make-sure-that-the-new-module-is-now-listedpollia-hrefhttplocalhost3018adminmoduleshttplocalhost3018adminmodulesaliliclick-on-servicesliol-Wo50jq"},"contentTypeId":"html","createdByUserId":1,"lastUpdatedByUserId":1,"createdOn":"2021-07-08T17:27:19.629Z","updatedOn":"2021-07-08T17:30:00.881Z","url":"/phead-back-to-your-module-list-page-and-make-sure-that-the-new-module-is-now-listedpollia-hrefhttplocalhost3018adminmoduleshttplocalhost3018adminmodulesaliliclick-on-servicesliol-Wo50jq","tags":""}