{"id":460,"data":{"fileName":{"title":"NodeJs CMS module edit.png","file":"NodeJs CMS module edit.png","contentType":"media","url":"/nodejs-cms-module-editpng-beqBlX","src":"https://sonicjscom.s3.us-west-1.amazonaws.com/NodeJs CMS module edit.png"},"retinaSupport":true,"thumbnailWidth":0,"onClick":"showFullImage","clickUrl":"","css":"","submit":true,"contentType":"image","url":"/image-8Hpy85"},"contentTypeId":"image","createdByUserId":1,"lastUpdatedByUserId":1,"createdOn":"2021-07-08T17:29:26.467Z","updatedOn":"2021-07-21T02:05:21.050Z","url":"/image-8Hpy85","tags":"{}"}