{"id":464,"data":{"fileName":{"title":"NodeJs CMS New Content.png","file":"NodeJs CMS New Content.png","contentType":"media","url":"/nodejs-cms-new-contentpng-ZxGeQa","src":"https://sonicjscom.s3.us-west-1.amazonaws.com/NodeJs CMS New Content.png"},"retinaSupport":true,"thumbnailWidth":0,"onClick":"showFullImage","clickUrl":"","css":"","submit":true,"contentType":"image","url":"/image-zhJRI8"},"contentTypeId":"image","createdByUserId":1,"lastUpdatedByUserId":1,"createdOn":"2021-07-08T18:46:16.166Z","updatedOn":"2021-07-21T02:06:25.226Z","url":"/image-zhJRI8","tags":"{}"}