{"id":465,"data":{"title":"HARNESS THE POWER OF DATA","description":"We partner with organizations to rapidly and responsibly put their data to work, helping them to manage and use data and analytics to drive transformative impact for their customers and operations.","submit":true,"contentType":"services","url":"/web-development-PQg1fy"},"contentTypeId":"services","createdByUserId":1,"lastUpdatedByUserId":1,"createdOn":"2021-07-08T18:48:10.839Z","updatedOn":"2021-07-08T20:59:47.281Z","url":"/web-development-PQg1fy","tags":""}