{"id":472,"data":{"title":"ACCELERATE DIGITAL TRANSFORMATION","description":"We help our clients to de-risk and accelerate lasting transformation in their business models, technology, capabilities, and culture. Our mission is to co-create enduring change that goes way beyond systems, and shapes the organization’s way of being and thinking, creating outcomes that are owned by our clients.","submit":true,"contentType":"services","url":"/accelerate-digital-transformation-qN08gH"},"contentTypeId":"services","createdByUserId":1,"lastUpdatedByUserId":1,"createdOn":"2021-07-08T20:50:21.605Z","updatedOn":"2021-07-08T21:00:25.600Z","url":"/accelerate-digital-transformation-qN08gH","tags":""}