{"id":473,"data":{"type":"javascript","code":"var dataService = require('../../../services/data.service');\nvar emitterService = require('../../../services/emitter.service');\nvar globalService = require('../../../services/global.service');\n\nmodule.exports = servicesMainService = {\n\n    startup: async function () {\n\n        // This is boilerplate for proccessing the module inside of a column\n        // You will rarely need to alter this\n        emitterService.on('beginProcessModuleShortCode', async function (options) {\n\n            if (options.shortcode.name === 'SERVICES') {\n                options.moduleName = 'services';\n                await moduleService.processModuleInColumn(options);\n            }\n\n        });\n\n        // We want to get a list of all services\n        // By default SonicJs will pass in the view settings, so we'll extend the \n        // view model to include our list of services\n        emitterService.on(\"postModuleGetData\", async function (options) {\n            if (options.shortcode.name === \"SERVICES\") {\n              await servicesMainService.getServicesData(options);\n            }\n          });\n    },\n\n    //get all content of type \"services\", sort it and send it to the view\n    getServicesData: async function (options) {\n   \n        let list = await dataService.getContentByType(\"services\", options.req.sessionID);\n        list = list.sort((a, b) => (a.title > b.title) ? 1 : -1)\n\n        options.viewModel.data.list = list;\n      },\n\n}\n","submit":true,"contentType":"code-snippet","url":"/codesnippet-PSk2Un"},"contentTypeId":"code-snippet","createdByUserId":1,"lastUpdatedByUserId":1,"createdOn":"2021-07-08T21:08:06.270Z","updatedOn":"2021-07-08T21:08:06.270Z","url":"/codesnippet-PSk2Un","tags":""}