{"id":476,"data":{"body":"<p>One last step - we just need to drop our new module onto a page.</p><ol><li>Create a new page called \"Services\"</li><li>Add a new section by clicking \"Add New Section\"</li><li>Select the section by click on \"Empty Column\"</li><li>In the module drop down list, select Services:</li></ol>","submit":true,"contentType":"html","url":"/plets-update-our-view-to-loop-thru-our-services-and-display-themppsonicjs-root-pathservermodulesservicesservicesservicesmainhbsp-8rqYzh"},"contentTypeId":"html","createdByUserId":1,"lastUpdatedByUserId":1,"createdOn":"2021-07-08T21:15:40.560Z","updatedOn":"2021-07-08T21:17:25.212Z","url":"/plets-update-our-view-to-loop-thru-our-services-and-display-themppsonicjs-root-pathservermodulesservicesservicesservicesmainhbsp-8rqYzh","tags":""}