{"id":479,"data":{"fileName":{"title":"NodeJs CMS Add module to page.png","file":"NodeJs CMS Add module to page.png","contentType":"media","url":"/nodejs-cms-add-module-to-pagepng-WVV1ab","src":"https://sonicjscom.s3.us-west-1.amazonaws.com/NodeJs CMS Add module to page.png"},"retinaSupport":true,"thumbnailWidth":0,"onClick":"showFullImage","clickUrl":"","css":"","submit":true,"contentType":"image","url":"/image-E5zaGe"},"contentTypeId":"image","createdByUserId":1,"lastUpdatedByUserId":1,"createdOn":"2021-07-08T21:21:02.751Z","updatedOn":"2021-07-21T02:06:54.040Z","url":"/image-E5zaGe","tags":"{}"}