{"id":483,"data":{"fileName":{"title":"NodeJs CMS Services page.png","file":"NodeJs CMS Services page.png","contentType":"media","url":"/nodejs-cms-services-pagepng-Jn13zU","src":"https://sonicjscom.s3.us-west-1.amazonaws.com/NodeJs CMS Services page.png"},"retinaSupport":true,"thumbnailWidth":0,"onClick":"showFullImage","clickUrl":"","css":"","submit":true,"contentType":"image","url":"/image-OszwML"},"contentTypeId":"image","createdByUserId":1,"lastUpdatedByUserId":1,"createdOn":"2021-07-08T21:46:42.588Z","updatedOn":"2021-07-21T02:07:23.058Z","url":"/image-OszwML","tags":"{}"}