{"id":484,"data":{"body":"<p>That's it. You have successfully built a listing module. The management of each service record is 100% managed by the back-end with no need to code out any admin pages.&nbsp;</p><p>Bonus Steps if you are up for a challenge and want to further explore the awesomeness of SonicJs module development:</p><ol><li>Add a new property for your Service content type, then add that property to the output of the view.</li><li>Add a numeric \"sort\" field to your Service content type, and sort based on that value</li><li>Add an image for each Service. You can explore how this is done in the blog module for a sample.</li><li>Add validations to the title and description fields by setting them as required</li><li>Change the description field to a WYSIWYG instead of a plain text area. You can explore how this is done in the blog module for a sample.</li><li>Expand on the \"Services Settings\" content type and use a new setting property in your services-main-service.js or service-main.hbs file.</li></ol>","submit":true,"contentType":"html","url":"/pthe-module-setting-right-sidebar-panel-will-showpollileave-enabled-clickedliliclick-submitliolpyou-should-now-see-our-list-of-services-on-the-pagep-4xb0tr"},"contentTypeId":"html","createdByUserId":1,"lastUpdatedByUserId":1,"createdOn":"2021-07-08T21:47:10.396Z","updatedOn":"2021-07-08T21:57:10.974Z","url":"/pthe-module-setting-right-sidebar-panel-will-showpollileave-enabled-clickedliliclick-submitliolpyou-should-now-see-our-list-of-services-on-the-pagep-4xb0tr","tags":""}