{"id":485,"data":{"level":"warning","alertCopy":"<p>Warning - When creating new modules, run the app with \"<strong>npm start</strong>\" instead of \"npm run dev\" (which uses Nodemon) in order to prevent the app from restarting while the new module files are being generated.</p>","submit":true,"contentType":"alert","url":"/pipsump-BHRifA"},"contentTypeId":"alert","createdByUserId":1,"lastUpdatedByUserId":1,"createdOn":"2021-07-09T01:15:25.874Z","updatedOn":"2021-07-09T01:17:09.791Z","url":"/pipsump-BHRifA","tags":""}