{"id":5,"data":{"title":"Home","showHero":false,"heroTitle":"","pageCssClass":"","autoGenerateUrl":false,"url":"/","metaTitle":"SonicJs Node.js CMS. Ultra-Modern, Super-Flexible, Free Forever!","metaDescription":"SonicJs is a Node.js based CMS. It is 100% javascript based, 100% REST API based, open source, free forever and highly extensible. ","pageTemplate":"none","isPageTemplate":false,"submit":true,"contentType":"page","layout":["146","24","31","46","51"]},"contentTypeId":"page","createdByUserId":1,"lastUpdatedByUserId":1,"createdOn":"2021-04-20T01:15:49.738Z","updatedOn":"2021-04-20T01:15:49.738Z","url":"/","tags":""}