{"id":50,"data":{"fileName":{"title":"SonicJs Node.js CMS Video Demo -1.png","file":"SonicJs Node.js CMS Video Demo -1.png","contentType":"media","url":"/sonicjs-nodejs-cms-video-demo-1png-4DSxql","src":"https://sonicjscom.s3.us-west-1.amazonaws.com/SonicJs Node.js CMS Video Demo -1.png"},"retinaSupport":true,"thumbnailWidth":0,"onClick":"hyperlink","clickUrl":"/docs/demo-videos","css":"","submit":true,"url":"/image-QxV3n2","contentType":"image"},"contentTypeId":"image","createdByUserId":1,"lastUpdatedByUserId":1,"createdOn":"2021-04-23T14:24:00.970Z","updatedOn":"2021-07-21T00:55:50.231Z","url":"/image-QxV3n2","tags":"{}"}