{"id":503,"data":{"contentType":"app-analytics","title":"app-analytics","url":"/analytics/RafKnsF7","installId":"RafKnsF7","firstSeenOn":"2021-07-15T00:09:42.391Z","events":[{"name":"page_load","timeStamp":"2021-07-15T00:09:55.701Z","url":"/contact"},{"name":"page_load","timeStamp":"2021-07-15T00:10:05.099Z","url":"/docs"},{"name":"admin_page_load","timeStamp":"2021-07-15T00:17:40.447Z","url":"/admin/content/edit/app-analytics/503"},{"name":"admin_page_load","timeStamp":"2021-07-15T00:17:43.108Z","url":"/admin/content/edit/app-analytics/503"},{"name":"admin_page_load","timeStamp":"2021-07-15T00:17:50.285Z","url":"/admin/media"},{"name":"admin_page_load","timeStamp":"2021-07-15T00:17:52.992Z","url":"/admin/content"},{"name":"admin_page_load","timeStamp":"2021-07-15T00:17:57.332Z","url":"/admin/content/edit/app-analytics/503"},{"name":"admin_page_load","timeStamp":"2021-07-15T00:19:52.971Z","url":"/admin/content/edit/app-analytics/503"},{"name":"admin_page_load","timeStamp":"2021-07-15T00:20:00.078Z","url":"/admin/content-types"},{"name":"admin_page_load","timeStamp":"2021-07-15T00:20:01.008Z","url":"/admin/field-types"},{"name":"admin_page_load","timeStamp":"2021-07-15T00:20:02.308Z","url":"/admin/content"},{"name":"admin_page_load","timeStamp":"2021-07-15T00:20:03.840Z","url":"/admin/content/edit/app-analytics/503"},{"name":"admin_page_load","timeStamp":"2021-07-15T00:25:46.986Z","url":"/admin/content/edit/app-analytics/503"},{"name":"admin_page_load","timeStamp":"2021-07-15T01:53:48.371Z","url":"/admin/content/edit/app-analytics/503"},{"name":"admin_page_load","timeStamp":"2021-07-15T01:53:54.222Z","url":"/admin/media"},{"name":"admin_page_load","timeStamp":"2021-07-15T01:53:55.892Z","url":"/admin/content"},{"name":"admin_page_load","timeStamp":"2021-07-15T01:53:57.492Z","url":"/admin/content/edit/app-analytics/503"},{"name":"admin_page_load","timeStamp":"2021-07-15T02:40:58.032Z","url":"/admin/content"},{"name":"admin_page_load","timeStamp":"2021-07-15T02:41:00.393Z","url":"/admin/content/edit/app-analytics/503"}],"pageCount":0,"pageVisits":7,"adminPageVisits":12,"bootCount":1},"contentTypeId":"app-analytics","createdByUserId":0,"lastUpdatedByUserId":0,"createdOn":"2021-07-15T00:09:42.398Z","updatedOn":"2021-07-15T02:41:00.407Z","url":"/analytics/RafKnsF7","tags":"{}"}