{"id":68,"data":{"title":"Contact Us","showHero":true,"heroTitle":"Contact Us","pageCssClass":"","autoGenerateUrl":false,"url":"/contact","metaTitle":"SonicJs Node.js CMS Contact Us","metaDescription":"SonicJs contact us. Please reach out to us and we'll get back to you ASAP.","pageTemplate":"none","isPageTemplate":false,"submit":true,"contentType":"page","layout":["69"]},"contentTypeId":"page","createdByUserId":1,"lastUpdatedByUserId":1,"createdOn":"2021-04-27T21:14:19.249Z","updatedOn":"2021-04-27T21:14:19.249Z","url":"/contact","tags":""}