{"id":79,"data":{"title":"Section 1","contentType":"section","rows":[{"class":"row","columns":[{"class":"col-md-9","content":"[TITLE id=\"80\"][HTML id=\"81\"][TITLE id=\"82\"][HTML id=\"83\"][TITLE id=\"84\"][HTML id=\"85\"][TITLE id=\"86\"][HTML id=\"87\"][TITLE id=\"88\"][HTML id=\"89\"][TITLE id=\"90\"][HTML id=\"91\"][TITLE id=\"92\"][HTML id=\"93\"][TITLE id=\"94\"][HTML id=\"95\"][TITLE id=\"96\"][HTML id=\"97\"][TITLE id=\"98\"][HTML id=\"99\"][TITLE id=\"100\"][HTML id=\"101\"][TITLE id=\"102\"][HTML id=\"103\"][TITLE id=\"104\"][HTML id=\"105\"][TITLE id=\"106\"][HTML id=\"107\"][TITLE id=\"108\"][HTML id=\"109\"][TITLE id=\"110\"][HTML id=\"111\"][TITLE id=\"112\"][HTML id=\"113\"]"},{"class":"col-md-3","content":"[MENU-TITLE id=\"114\" delayedProcessing=\"true\"]"}]}],"url":"/section-1-skKCBF"},"contentTypeId":"section","createdByUserId":1,"lastUpdatedByUserId":1,"createdOn":"2021-04-28T13:08:32.415Z","updatedOn":"2021-04-28T13:08:32.415Z","url":"/section-1-skKCBF","tags":""}