{"id":"02900417-a37e-40b6-84c9-e64914e7a778","data":"{\"headerLevel\":\"h1\",\"position\":\"left\",\"text\":\"Page Not Found\",\"slug\":\"page-not-found\",\"cssClass\":\"pb-4\",\"submit\":true,\"contentType\":\"title\",\"url\":\"/page-not-found-qnu2HO\"}","contentTypeId":"title","createdByUserId":"b88bd7b2-d05c-48b5-8f56-673d4bad44a9","lastUpdatedByUserId":"b88bd7b2-d05c-48b5-8f56-673d4bad44a9","createdOn":"2022-02-02T15:15:30.416Z","updatedOn":"2022-02-02T15:16:22.801Z","url":"/page-not-found-qnu2HO"}