{"id":"079966a8-bf62-4359-bc27-c691d9415645","data":"{\"title\":\"Intro\",\"background\":\"image\",\"overlay\":true,\"rows\":[{\"css\":\"row justify-content-center\",\"columns\":[{\"css\":\"col-9\",\"content\":[{\"content\":\"[TITLE id=\\\"bd8ecd03-153a-4d85-997d-aca3d46c8605\\\"]\"}]}],\"styles\":\"\"},{\"css\":\"row mb-5\",\"columns\":[{\"css\":\"col-md-4 offset-md-4\",\"content\":[{\"content\":\"[FEATURE-BOX id=\\\"e52fa26a-4d77-4cee-8fe0-b557cb47ea09\\\"]\"}]}],\"styles\":\"\"}],\"submit\":true,\"image\":{\"title\":\"cheetah\",\"file\":\"cheetah.jpeg\",\"contentType\":\"media\",\"src\":\"/assets/uploads/cheetah.jpeg\",\"url\":\"/cheetah-SnLcdH\"},\"imageStyle\":\"\",\"overlayTopColor\":\"rgba(255, 255, 255, 0.95)\",\"overlayBottomColor\":\"rgba(255, 255, 255, 0.72)\",\"contentType\":\"section\",\"url\":\"/section-1-GZwQwq\"}","contentTypeId":"section","createdByUserId":"eb2e0373-c7f1-4231-b89d-c7f0eb23a78b","lastUpdatedByUserId":"81509d75-7932-49f3-9acf-8c32e46f3c25","createdOn":"2022-01-18T01:40:08.056Z","updatedOn":"2022-10-21T17:28:46.418Z","url":"/section-1-GZwQwq"}