{"id":"079966a8-bf62-4359-bc27-c691d9415645","data":"{\"title\":\"Section 1\",\"contentType\":\"section\",\"rows\":[{\"class\":\"row justify-content-center\",\"columns\":[{\"class\":\"col-3\",\"content\":\"[TITLE id=\\\"bd8ecd03-153a-4d85-997d-aca3d46c8605\\\"]\"}]},{\"class\":\"row\",\"columns\":[{\"class\":\"col-md-4 offset-md-4\",\"content\":\"[FEATURE-BOX id=\\\"e52fa26a-4d77-4cee-8fe0-b557cb47ea09\\\"]\"}]}],\"url\":\"/section-1-GZwQwq\"}","contentTypeId":"section","createdByUserId":"eb2e0373-c7f1-4231-b89d-c7f0eb23a78b","lastUpdatedByUserId":"eb2e0373-c7f1-4231-b89d-c7f0eb23a78b","createdOn":"2022-01-18T01:40:08.056Z","updatedOn":"2022-01-18T01:55:11.727Z","url":"/section-1-GZwQwq"}