{"id":"0baa30bb-7c0b-49fe-902b-1cddbb890337","data":"{\"title\":\"Home\",\"showHero\":false,\"heroTitle\":\"\",\"pageCssClass\":\"home\",\"autoGenerateUrl\":false,\"url\":\"/\",\"metaTitle\":\"\",\"metaDescription\":\"\",\"pageTemplate\":\"none\",\"isPageTemplate\":false,\"layout\":[{\"sectionId\":\"079966a8-bf62-4359-bc27-c691d9415645\"}],\"submit\":true,\"showHeroCompact\":false,\"contentType\":\"page\"}","contentTypeId":"page","createdByUserId":"0","lastUpdatedByUserId":"81509d75-7932-49f3-9acf-8c32e46f3c25","createdOn":"2022-01-15T01:34:04.548Z","updatedOn":"2022-10-20T19:58:23.764Z","url":"/"}