{"id":"0baa30bb-7c0b-49fe-902b-1cddbb890337","data":"{\"title\":\"Home\",\"showHero\":false,\"showHeroCompact\":false,\"heroTitle\":\"\",\"pageCssClass\":\"home\",\"autoGenerateUrl\":false,\"url\":\"/\",\"metaTitle\":\"\",\"metaDescription\":\"\",\"pageTemplate\":\"none\",\"isPageTemplate\":false,\"submit\":true,\"contentType\":\"page\",\"layout\":[\"079966a8-bf62-4359-bc27-c691d9415645\"]}","contentTypeId":"page","createdByUserId":"0","lastUpdatedByUserId":"eb2e0373-c7f1-4231-b89d-c7f0eb23a78b","createdOn":"2022-01-15T01:34:04.548Z","updatedOn":"2022-01-18T01:44:36.109Z","url":"/"}