{"id":"126f9add-a358-4f9a-99d3-32edd4a1039e","data":"{\"title\":\"404 Not Found\",\"showHero\":true,\"showHeroCompact\":false,\"heroTitle\":\"\",\"pageCssClass\":\"\",\"autoGenerateUrl\":false,\"url\":\"/404\",\"metaTitle\":\"\",\"metaDescription\":\"\",\"pageTemplate\":\"none\",\"isPageTemplate\":false,\"submit\":true,\"contentType\":\"page\",\"layout\":[\"764a13d4-ead0-4021-b8a5-6d5bb7054643\"]}","contentTypeId":"page","createdByUserId":"b88bd7b2-d05c-48b5-8f56-673d4bad44a9","lastUpdatedByUserId":"b88bd7b2-d05c-48b5-8f56-673d4bad44a9","createdOn":"2022-02-02T15:15:05.990Z","updatedOn":"2022-02-02T15:15:16.560Z","url":"/404"}