{"id":"1d4bdb36-31f7-47c1-9e57-9e0a8ea6c7ab","data":"{\"contentType\":\"app-analytics\",\"title\":\"app-analytics\",\"url\":\"/analytics/2MOqJ41s\",\"installId\":\"2MOqJ41s\",\"firstSeenOn\":\"2022-05-10T13:51:40.397Z\",\"events\":[{\"name\":\"admin_page_load\",\"timeStamp\":\"2022-05-10T13:51:48.603Z\",\"url\":\"/admin/content\"},{\"name\":\"admin_page_load\",\"timeStamp\":\"2022-05-10T13:51:51.389Z\",\"url\":\"/admin/content-all\"},{\"name\":\"admin_page_load\",\"timeStamp\":\"2022-05-10T13:51:54.619Z\",\"url\":\"/admin/content/edit/app-analytics/1d4bdb36-31f7-47c1-9e57-9e0a8ea6c7ab\"}],\"pageCount\":0,\"pageVisits\":0,\"adminPageVisits\":3,\"bootCount\":1,\"websiteTitle\":\"Test\",\"emailOptin\":true,\"email\":\"a@a.com\",\"lastSeenOn\":\"2022-05-10T13:51:54.619Z\"}","contentTypeId":"app-analytics","createdByUserId":"00000000-0000-0000-0000-000000000000","lastUpdatedByUserId":"00000000-0000-0000-0000-000000000000","createdOn":"2022-05-10T13:51:40.418Z","updatedOn":"2022-05-10T13:51:54.635Z","url":"/analytics/2MOqJ41s"}