{"id":"27169deb-b9a3-45e2-a16f-5316505b1c28","data":"{\"title\":\"Blog Categories\",\"slug\":\"blog-categories\",\"terms\":[{\"title\":\"Corporate News\",\"urlRelative\":\"/blog/corporate-news\",\"slug\":\"corporate-news\",\"id\":\"4s2V5XpD\"},{\"id\":\"Q4zoerYp\",\"title\":\"Press Releases\",\"slug\":\"press-releases\",\"urlRelative\":\"/blog/press-releases\"}],\"submit\":true,\"contentType\":\"taxonomy\",\"url\":\"/blog-categories-JeXy7O\"}","contentTypeId":"taxonomy","createdByUserId":"eb2e0373-c7f1-4231-b89d-c7f0eb23a78b","lastUpdatedByUserId":"eb2e0373-c7f1-4231-b89d-c7f0eb23a78b","createdOn":"2022-01-18T00:43:47.339Z","updatedOn":"2022-01-18T00:43:47.339Z","url":"/blog-categories-JeXy7O"}