{"id":"2889774a-cd59-4bc3-880f-b4dfb5a6a214","data":"{\"title\":\"Section 1\",\"contentType\":\"section\",\"background\":\"none\",\"rows\":[{\"columns\":[{\"css\":\"col-md-4\",\"content\":[{\"content\":\"\"},{\"content\":\"[TITLE id=\\\"d8bcf132-bac4-4dfa-b631-7c4886f355a9\\\"]\"}]},{\"css\":\"col-md-4\",\"content\":[{\"content\":\"\"}]},{\"css\":\"col-md-4\",\"content\":[{\"content\":\"\"}]}],\"css\":\"row\",\"styles\":\"\"}],\"url\":\"/section-1-IVZLOe\"}","contentTypeId":"section","createdByUserId":"81509d75-7932-49f3-9acf-8c32e46f3c25","lastUpdatedByUserId":"81509d75-7932-49f3-9acf-8c32e46f3c25","createdOn":"2022-10-21T18:17:12.835Z","updatedOn":"2022-10-21T18:17:21.442Z","url":"/section-1-IVZLOe"}