{"id":"2dc42272-b7b6-473f-9668-bdcf1197ccbe","data":"{\"logoType\":\"image\",\"logoTitle\":\"Acme Widgets\",\"fontSize\":\"24px\",\"fontColor\":\"#fff\",\"fileName\":{\"title\":\"sonicjs-logo\",\"file\":\"sonicjs-logo.svg\",\"contentType\":\"media\",\"src\":\"/assets/uploads/sonicjs-logo.svg\",\"url\":\"/sonicjslogo-xm31Qz\"},\"fileNameDark\":{\"title\":\"sonicjs-logo\",\"file\":\"sonicjs-logo.svg\",\"contentType\":\"media\",\"src\":\"/assets/uploads/sonicjs-logo.svg\",\"url\":\"/sonicjslogo-xm31Qz\"},\"imageWidth\":\"120px\",\"imageStyle\":\"\",\"footerText\":\"\",\"submit\":true,\"contentType\":\"theme-settings\",\"url\":\"/theme-settings\"}","contentTypeId":"theme-settings","createdByUserId":"0","lastUpdatedByUserId":"81509d75-7932-49f3-9acf-8c32e46f3c25","createdOn":"2022-01-15T01:34:04.521Z","updatedOn":"2022-10-21T17:09:19.680Z","url":"/theme-settings"}