{"id":"400a02bf-35dc-49dc-943f-2fa70cfe08c0","data":"{\"title\":\"Taxonomy Details\",\"showHero\":true,\"showHeroCompact\":false,\"heroTitle\":\"\",\"pageCssClass\":\"\",\"autoGenerateUrl\":true,\"url\":\"/taxonomy-details\",\"metaTitle\":\"\",\"metaDescription\":\"\",\"pageTemplate\":\"none\",\"isPageTemplate\":false,\"submit\":true,\"contentType\":\"page\",\"layout\":[{\"sectionId\":\"db45570f-703d-4beb-9165-81b7f6d3f81a\"}]}","contentTypeId":"page","createdByUserId":"eb2e0373-c7f1-4231-b89d-c7f0eb23a78b","lastUpdatedByUserId":"69413190-833b-4318-ae46-219d690260a9","createdOn":"2022-01-18T01:31:40.632Z","updatedOn":"2022-10-13T17:11:01.227Z","url":"/taxonomy-details"}