{"id":"764a13d4-ead0-4021-b8a5-6d5bb7054643","data":"{\"title\":\"Section 1\",\"contentType\":\"section\",\"rows\":[{\"class\":\"row\",\"columns\":[{\"class\":\"col\",\"content\":[{\"content\":\"[TITLE id=\\\"02900417-a37e-40b6-84c9-e64914e7a778\\\"]\"},{\"content\":\"[TITLE id=\\\"8c872a75-8e6f-4191-8744-9c01b0c223bf\\\"]\"}]}]}],\"url\":\"/section-1-Z6eJCq\"}","contentTypeId":"section","createdByUserId":"b88bd7b2-d05c-48b5-8f56-673d4bad44a9","lastUpdatedByUserId":"69413190-833b-4318-ae46-219d690260a9","createdOn":"2022-02-02T15:15:16.549Z","updatedOn":"2022-10-13T16:35:39.944Z","url":"/section-1-Z6eJCq"}