{"id":"79a02fa0-7445-4358-b25f-fb1b3f0aba9e","data":"{\"contentType\":\"app-analytics\",\"title\":\"app-analytics\",\"url\":\"/analytics/TUGOoPrC\",\"installId\":\"TUGOoPrC\",\"firstSeenOn\":\"2022-01-31T15:35:32.787Z\",\"events\":[{\"name\":\"admin_page_load\",\"timeStamp\":\"2022-01-31T15:35:45.692Z\",\"url\":\"/admin/content\"},{\"name\":\"admin_page_load\",\"timeStamp\":\"2022-01-31T15:35:47.373Z\",\"url\":\"/admin/content\"},{\"name\":\"admin_page_load\",\"timeStamp\":\"2022-01-31T15:35:48.608Z\",\"url\":\"/admin/content\"},{\"name\":\"admin_page_load\",\"timeStamp\":\"2022-01-31T15:35:49.826Z\",\"url\":\"/admin/content\"},{\"name\":\"admin_page_load\",\"timeStamp\":\"2022-01-31T15:35:51.055Z\",\"url\":\"/admin/content\"},{\"name\":\"admin_page_load\",\"timeStamp\":\"2022-01-31T15:35:52.429Z\",\"url\":\"/admin/content\"},{\"name\":\"admin_page_load\",\"timeStamp\":\"2022-01-31T15:35:53.660Z\",\"url\":\"/admin/content\"},{\"name\":\"admin_page_load\",\"timeStamp\":\"2022-01-31T15:36:32.557Z\",\"url\":\"/admin/content/edit/page/0baa30bb-7c0b-49fe-902b-1cddbb890337\"},{\"name\":\"admin_page_load\",\"timeStamp\":\"2022-01-31T15:36:42.100Z\",\"url\":\"/admin/content\"},{\"name\":\"admin_page_load\",\"timeStamp\":\"2022-01-31T15:36:44.972Z\",\"url\":\"/admin/content/edit/page/0baa30bb-7c0b-49fe-902b-1cddbb890337\"},{\"name\":\"page_load\",\"timeStamp\":\"2022-02-02T15:14:23.326Z\",\"url\":\"/\"},{\"name\":\"admin_page_load\",\"timeStamp\":\"2022-02-02T15:14:34.683Z\",\"url\":\"/admin/content\"},{\"name\":\"admin_page_load\",\"timeStamp\":\"2022-02-02T15:14:42.940Z\",\"url\":\"/admin/content/edit/page\"},{\"name\":\"admin_page_load\",\"timeStamp\":\"2022-02-02T15:15:06.060Z\",\"url\":\"/admin/content/edit/page/126f9add-a358-4f9a-99d3-32edd4a1039e\"},{\"name\":\"page_load\",\"timeStamp\":\"2022-02-02T15:15:13.459Z\",\"url\":\"/404\"},{\"name\":\"page_load\",\"timeStamp\":\"2022-02-02T15:15:16.646Z\",\"url\":\"/404\"},{\"name\":\"page_load\",\"timeStamp\":\"2022-02-02T15:15:30.534Z\",\"url\":\"/404\"},{\"name\":\"page_load\",\"timeStamp\":\"2022-02-02T15:15:38.285Z\",\"url\":\"/404\"},{\"name\":\"page_load\",\"timeStamp\":\"2022-02-02T15:16:12.428Z\",\"url\":\"/404\"},{\"name\":\"page_load\",\"timeStamp\":\"2022-02-02T15:16:22.915Z\",\"url\":\"/404\"},{\"name\":\"admin_page_load\",\"timeStamp\":\"2022-03-28T23:28:41.174Z\",\"url\":\"/admin/content\"},{\"name\":\"admin_page_load\",\"timeStamp\":\"2022-03-28T23:28:42.665Z\",\"url\":\"/admin/content\"},{\"name\":\"admin_page_load\",\"timeStamp\":\"2022-03-28T23:28:44.920Z\",\"url\":\"/admin/content/edit/page\"},{\"name\":\"admin_page_load\",\"timeStamp\":\"2022-03-28T23:28:50.488Z\",\"url\":\"/admin/content/edit/page/7585d72f-12d6-40fe-b583-d3f2e2056d86\"},{\"name\":\"admin_page_load\",\"timeStamp\":\"2022-03-28T23:28:55.996Z\",\"url\":\"/admin/content\"},{\"name\":\"admin_page_load\",\"timeStamp\":\"2022-03-28T23:28:59.033Z\",\"url\":\"/admin/content\"},{\"name\":\"admin_page_load\",\"timeStamp\":\"2022-03-28T23:29:09.338Z\",\"url\":\"/admin/content/edit/page/7585d72f-12d6-40fe-b583-d3f2e2056d86\"},{\"name\":\"admin_page_load\",\"timeStamp\":\"2022-03-28T23:29:24.986Z\",\"url\":\"/admin/content/edit/page/7585d72f-12d6-40fe-b583-d3f2e2056d86\"},{\"name\":\"page_load\",\"timeStamp\":\"2022-03-28T23:29:34.675Z\",\"url\":\"/cypress-test-page-edited\"},{\"name\":\"admin_page_load\",\"timeStamp\":\"2022-03-28T23:30:08.250Z\",\"url\":\"/admin/content\"},{\"name\":\"admin_page_load\",\"timeStamp\":\"2022-03-28T23:30:14.945Z\",\"url\":\"/admin/content\"},{\"name\":\"admin_page_load\",\"timeStamp\":\"2022-03-28T23:30:33.302Z\",\"url\":\"/admin/content\"},{\"name\":\"admin_page_load\",\"timeStamp\":\"2022-03-28T23:30:52.305Z\",\"url\":\"/admin/content\"},{\"name\":\"admin_page_load\",\"timeStamp\":\"2022-03-28T23:30:54.914Z\",\"url\":\"/admin/content-types\"},{\"name\":\"admin_page_load\",\"timeStamp\":\"2022-03-28T23:31:00.065Z\",\"url\":\"/admin/content\"},{\"name\":\"admin_page_load\",\"timeStamp\":\"2022-03-28T23:31:01.104Z\",\"url\":\"/admin/modules\"},{\"name\":\"admin_page_load\",\"timeStamp\":\"2022-03-28T23:31:02.218Z\",\"url\":\"/admin/modules/add\"},{\"name\":\"admin_page_load\",\"timeStamp\":\"2022-03-28T23:31:06.029Z\",\"url\":\"/admin/modules\"},{\"name\":\"admin_page_load\",\"timeStamp\":\"2022-03-28T23:31:08.379Z\",\"url\":\"/admin/content\"},{\"name\":\"admin_page_load\",\"timeStamp\":\"2022-03-28T23:31:09.176Z\",\"url\":\"/admin/modules\"},{\"name\":\"admin_page_load\",\"timeStamp\":\"2022-03-28T23:31:10.010Z\",\"url\":\"/admin/modules/edit/aa-cypress-module-content-type\"},{\"name\":\"admin_page_load\",\"timeStamp\":\"2022-03-28T23:31:13.368Z\",\"url\":\"/admin/modules/edit/aa-cypress-module-content-type\"},{\"name\":\"admin_page_load\",\"timeStamp\":\"2022-03-28T23:31:15.428Z\",\"url\":\"/admin/content\"},{\"name\":\"admin_page_load\",\"timeStamp\":\"2022-03-28T23:31:16.009Z\",\"url\":\"/admin/modules/edit/aa-cypress-module-content-type\"},{\"name\":\"admin_page_load\",\"timeStamp\":\"2022-03-28T23:31:19.089Z\",\"url\":\"/admin/modules/edit/aa-cypress-module-content-type\"},{\"name\":\"admin_page_load\",\"timeStamp\":\"2022-03-28T23:31:21.489Z\",\"url\":\"/admin/modules/edit/aa-cypress-module-content-type\"},{\"name\":\"admin_page_load\",\"timeStamp\":\"2022-03-28T23:31:23.208Z\",\"url\":\"/admin/content\"},{\"name\":\"admin_page_load\",\"timeStamp\":\"2022-03-28T23:31:23.682Z\",\"url\":\"/admin/modules\"},{\"name\":\"admin_page_load\",\"timeStamp\":\"2022-03-28T23:31:24.234Z\",\"url\":\"/admin/modules/edit/aa-cypress-module-content-type\"},{\"name\":\"admin_page_load\",\"timeStamp\":\"2022-03-28T23:31:24.795Z\",\"url\":\"/admin/content-types/edit/aa-cypress-module-content-type\"},{\"name\":\"page_load\",\"timeStamp\":\"2022-03-28T23:31:26.729Z\",\"url\":\"/\"},{\"name\":\"admin_page_load\",\"timeStamp\":\"2022-03-28T23:31:31.657Z\",\"url\":\"/admin/content-types/edit/aa-cypress-module-content-type\"},{\"name\":\"page_load\",\"timeStamp\":\"2022-03-28T23:31:33.138Z\",\"url\":\"/\"},{\"name\":\"admin_page_load\",\"timeStamp\":\"2022-03-28T23:31:34.103Z\",\"url\":\"/admin/content\"},{\"name\":\"admin_page_load\",\"timeStamp\":\"2022-03-28T23:31:34.527Z\",\"url\":\"/admin/content-types\"},{\"name\":\"admin_page_load\",\"timeStamp\":\"2022-03-28T23:31:36.007Z\",\"url\":\"/admin/content-types\"},{\"name\":\"admin_page_load\",\"timeStamp\":\"2022-03-28T23:31:36.487Z\",\"url\":\"/admin/content-types\"},{\"name\":\"admin_page_load\",\"timeStamp\":\"2022-03-28T23:31:36.946Z\",\"url\":\"/admin/modules\"},{\"name\":\"admin_page_load\",\"timeStamp\":\"2022-03-28T23:31:38.363Z\",\"url\":\"/admin/modules\"},{\"name\":\"admin_page_load\",\"timeStamp\":\"2022-03-28T23:31:39.744Z\",\"url\":\"/admin/content\"},{\"name\":\"admin_page_load\",\"timeStamp\":\"2022-03-28T23:31:40.187Z\",\"url\":\"/admin/content\"},{\"name\":\"admin_page_load\",\"timeStamp\":\"2022-03-28T23:31:40.618Z\",\"url\":\"/admin/content\"},{\"name\":\"admin_page_load\",\"timeStamp\":\"2022-03-28T23:31:41.061Z\",\"url\":\"/admin/media\"},{\"name\":\"admin_page_load\",\"timeStamp\":\"2022-03-28T23:31:41.505Z\",\"url\":\"/admin/content-types\"},{\"name\":\"admin_page_load\",\"timeStamp\":\"2022-03-28T23:31:41.915Z\",\"url\":\"/admin/modules\"},{\"name\":\"admin_page_load\",\"timeStamp\":\"2022-03-28T23:31:42.344Z\",\"url\":\"/admin/theme-settings\"},{\"name\":\"admin_page_load\",\"timeStamp\":\"2022-03-28T23:31:42.793Z\",\"url\":\"/admin/site-settings-colors\"},{\"name\":\"admin_page_load\",\"timeStamp\":\"2022-03-28T23:31:43.193Z\",\"url\":\"/admin/site-settings-typography\"},{\"name\":\"admin_page_load\",\"timeStamp\":\"2022-03-28T23:31:43.606Z\",\"url\":\"/admin/menus\"},{\"name\":\"admin_page_load\",\"timeStamp\":\"2022-03-28T23:31:44.009Z\",\"url\":\"/admin/security-settings\"},{\"name\":\"admin_page_load\",\"timeStamp\":\"2022-03-28T23:31:44.591Z\",\"url\":\"/admin/users\"},{\"name\":\"admin_page_load\",\"timeStamp\":\"2022-03-28T23:31:45.019Z\",\"url\":\"/admin/site-settings\"},{\"name\":\"admin_page_load\",\"timeStamp\":\"2022-03-28T23:31:45.430Z\",\"url\":\"/admin/logs\"},{\"name\":\"admin_page_load\",\"timeStamp\":\"2022-03-28T23:31:45.842Z\",\"url\":\"/admin/urls\"},{\"name\":\"admin_page_load\",\"timeStamp\":\"2022-03-28T23:31:46.248Z\",\"url\":\"/admin/taxonomy\"},{\"name\":\"admin_page_load\",\"timeStamp\":\"2022-03-28T23:31:47.660Z\",\"url\":\"/admin/content\"},{\"name\":\"admin_page_load\",\"timeStamp\":\"2022-03-28T23:31:49.191Z\",\"url\":\"/admin/content\"},{\"name\":\"page_load\",\"timeStamp\":\"2022-03-28T23:31:51.178Z\",\"url\":\"/\"},{\"name\":\"admin_page_load\",\"timeStamp\":\"2022-03-28T23:31:53.278Z\",\"url\":\"/admin/content\"},{\"name\":\"admin_page_load\",\"timeStamp\":\"2022-03-28T23:31:53.632Z\",\"url\":\"/admin/modules\"},{\"name\":\"admin_page_load\",\"timeStamp\":\"2022-03-28T23:31:54.073Z\",\"url\":\"/admin/modules/add\"},{\"name\":\"admin_page_load\",\"timeStamp\":\"2022-03-28T23:31:55.960Z\",\"url\":\"/admin/modules\"},{\"name\":\"admin_page_load\",\"timeStamp\":\"2022-03-28T23:31:57.439Z\",\"url\":\"/admin/content\"},{\"name\":\"admin_page_load\",\"timeStamp\":\"2022-03-28T23:31:57.826Z\",\"url\":\"/admin/modules/edit/aa-cypress-module\"},{\"name\":\"admin_page_load\",\"timeStamp\":\"2022-03-28T23:31:58.821Z\",\"url\":\"/admin/modules/edit/aa-cypress-module\"},{\"name\":\"admin_page_load\",\"timeStamp\":\"2022-03-28T23:31:59.605Z\",\"url\":\"/admin/modules\"},{\"name\":\"admin_page_load\",\"timeStamp\":\"2022-03-28T23:32:01.022Z\",\"url\":\"/admin/content\"},{\"name\":\"admin_page_load\",\"timeStamp\":\"2022-03-28T23:32:01.441Z\",\"url\":\"/admin/modules\"},{\"name\":\"admin_page_load\",\"timeStamp\":\"2022-03-28T23:32:03.819Z\",\"url\":\"/admin/content\"},{\"name\":\"page_load\",\"timeStamp\":\"2022-03-28T23:32:07.493Z\",\"url\":\"/\"},{\"name\":\"page_load\",\"timeStamp\":\"2022-03-28T23:32:15.031Z\",\"url\":\"/cypress-pb-test\"},{\"name\":\"admin_page_load\",\"timeStamp\":\"2022-03-28T23:32:17.235Z\",\"url\":\"/admin/content\"},{\"name\":\"page_load\",\"timeStamp\":\"2022-03-28T23:32:19.114Z\",\"url\":\"/cypress-pb-test\"},{\"name\":\"page_load\",\"timeStamp\":\"2022-03-28T23:32:26.503Z\",\"url\":\"/cypress-pb-test-edited\"},{\"name\":\"page_load\",\"timeStamp\":\"2022-03-28T23:32:31.101Z\",\"url\":\"/cypress-pb-test-edited\"},{\"name\":\"admin_page_load\",\"timeStamp\":\"2022-03-28T23:32:35.071Z\",\"url\":\"/admin/content\"},{\"name\":\"admin_page_load\",\"timeStamp\":\"2022-03-28T23:32:36.212Z\",\"url\":\"/admin/content\"},{\"name\":\"admin_page_load\",\"timeStamp\":\"2022-03-28T23:32:39.659Z\",\"url\":\"/admin/content\"},{\"name\":\"admin_page_load\",\"timeStamp\":\"2022-03-28T23:32:40.942Z\",\"url\":\"/admin/content\"},{\"name\":\"admin_page_load\",\"timeStamp\":\"2022-05-07T00:20:49.897Z\",\"url\":\"/admin/content\"},{\"name\":\"admin_page_load\",\"timeStamp\":\"2022-05-07T00:20:54.141Z\",\"url\":\"/admin/users\"},{\"name\":\"admin_page_load\",\"timeStamp\":\"2022-05-07T00:20:56.822Z\",\"url\":\"/admin/roles\"},{\"name\":\"admin_page_load\",\"timeStamp\":\"2022-05-07T00:21:13.453Z\",\"url\":\"/admin/roles\"},{\"name\":\"admin_page_load\",\"timeStamp\":\"2022-05-07T00:21:38.108Z\",\"url\":\"/admin/roles\"},{\"name\":\"admin_page_load\",\"timeStamp\":\"2022-05-07T00:21:41.004Z\",\"url\":\"/admin/role/edit/f8a58218-de78-4753-8e1f-42e609e5628c\"},{\"name\":\"admin_page_load\",\"timeStamp\":\"2022-05-07T00:21:55.629Z\",\"url\":\"/admin/role/edit/f8a58218-de78-4753-8e1f-42e609e5628c\"}],\"pageCount\":0,\"pageVisits\":16,\"adminPageVisits\":90,\"bootCount\":1,\"websiteTitle\":\"Test\",\"emailOptin\":true,\"email\":\"a@a.com\",\"lastSeenOn\":\"2022-05-07T00:21:55.629Z\"}","contentTypeId":"app-analytics","createdByUserId":"0","lastUpdatedByUserId":"00000000-0000-0000-0000-000000000000","createdOn":"2022-01-31T15:35:32.914Z","updatedOn":"2022-05-07T00:21:55.633Z","url":"/analytics/TUGOoPrC"}