{"id":"7c1d2b6f-8292-4126-8ad9-ddf72e25302f","data":"{\"title\":\"Blog Details\",\"showHero\":true,\"showHeroCompact\":false,\"heroTitle\":\"\",\"pageCssClass\":\"\",\"autoGenerateUrl\":true,\"url\":\"/blog-details\",\"metaTitle\":\"\",\"metaDescription\":\"\",\"pageTemplate\":\"none\",\"isPageTemplate\":false,\"submit\":true,\"contentType\":\"page\",\"layout\":[\"82661f67-35db-42ae-b87d-69ef662ae256\"]}","contentTypeId":"page","createdByUserId":"eb2e0373-c7f1-4231-b89d-c7f0eb23a78b","lastUpdatedByUserId":"eb2e0373-c7f1-4231-b89d-c7f0eb23a78b","createdOn":"2022-01-18T00:55:04.257Z","updatedOn":"2022-01-18T00:56:12.245Z","url":"/blog-details"}