{"id":"82661f67-35db-42ae-b87d-69ef662ae256","data":"{\"title\":\"Section 1\",\"background\":\"none\",\"overlay\":false,\"rows\":[{\"class\":\"row\",\"columns\":[{\"class\":\"col-md-9\",\"content\":[{\"content\":\"[BLOG-DETAILS id=\\\"126de605-dec6-4ad3-b763-4193efe9f7f3\\\"]\"}],\"css\":\"col-md-9\"},{\"class\":\"col-md-3\",\"content\":[{\"content\":\"[TITLE id=\\\"a62ed358-6097-4623-ad5e-88fc74369c94\\\"]\"},{\"content\":\"[TAXONOMY id=\\\"9f727984-f3e3-4c72-a4fc-458f92fe0582\\\"]\"}],\"css\":\"col-md-3\"}],\"css\":\"row\",\"styles\":\"\"}],\"submit\":true,\"contentType\":\"section\",\"url\":\"/section-1-Gd2QXV\"}","contentTypeId":"section","createdByUserId":"eb2e0373-c7f1-4231-b89d-c7f0eb23a78b","lastUpdatedByUserId":"81509d75-7932-49f3-9acf-8c32e46f3c25","createdOn":"2022-01-18T00:55:42.203Z","updatedOn":"2022-10-21T16:21:44.835Z","url":"/section-1-Gd2QXV"}