{"id":"8d47a39b-5b10-4dfb-836a-790fe948522d","data":"{\"title\":\"Section 1\",\"contentType\":\"section\",\"rows\":[{\"css\":\"row\",\"columns\":[{\"css\":\"col-md-9\",\"content\":[{\"content\":\"[BLOG id=\\\"8e24d57f-17ec-49d8-b305-95516c7fdc14\\\"]\"}]},{\"css\":\"col-md-3\",\"content\":[{\"content\":\"[TITLE id=\\\"8169f67f-a65f-4e85-945a-9445166f17ed\\\"]\"},{\"content\":\"[TAXONOMY id=\\\"d5aee589-8334-44a9-9c6c-b2f1f16c0aa4\\\"]\"}]}]}],\"url\":\"/section-1-Ov8UcC\"}","contentTypeId":"section","createdByUserId":"eb2e0373-c7f1-4231-b89d-c7f0eb23a78b","lastUpdatedByUserId":"81509d75-7932-49f3-9acf-8c32e46f3c25","createdOn":"2022-01-18T00:36:30.418Z","updatedOn":"2022-10-20T19:56:58.199Z","url":"/section-1-Ov8UcC"}