{"id":"907e4e42-df84-48f9-8066-07b28404138e","data":"{\"title\":\"Blog\",\"showHero\":true,\"showHeroCompact\":false,\"heroTitle\":\"Blog\",\"pageCssClass\":\"\",\"autoGenerateUrl\":true,\"url\":\"/blog\",\"metaTitle\":\"\",\"metaDescription\":\"\",\"pageTemplate\":\"none\",\"isPageTemplate\":false,\"submit\":true,\"contentType\":\"page\",\"layout\":[{\"sectionId\":\"8d47a39b-5b10-4dfb-836a-790fe948522d\"}]}","contentTypeId":"page","createdByUserId":"eb2e0373-c7f1-4231-b89d-c7f0eb23a78b","lastUpdatedByUserId":"69413190-833b-4318-ae46-219d690260a9","createdOn":"2022-01-18T00:34:49.136Z","updatedOn":"2022-10-13T17:11:01.226Z","url":"/blog"}