{"id":"bd8ecd03-153a-4d85-997d-aca3d46c8605","data":"{\"headerLevel\":\"h1\",\"position\":\"center\",\"text\":\"Welcome To Your Homepage\",\"slug\":\"welcome-to-your-homepage\",\"cssClass\":\"mt-4\",\"submit\":true,\"contentType\":\"title\",\"url\":\"/welcome-to-your-homepage-rfPAfz\"}","contentTypeId":"title","createdByUserId":"eb2e0373-c7f1-4231-b89d-c7f0eb23a78b","lastUpdatedByUserId":"eb2e0373-c7f1-4231-b89d-c7f0eb23a78b","createdOn":"2022-01-18T01:40:30.743Z","updatedOn":"2022-01-18T03:49:30.616Z","url":"/welcome-to-your-homepage-rfPAfz"}