{"id":"be87e832-25ab-4683-8a4d-0fe9ed23abec","data":"{\"title\":\"SonicJs Background2\",\"file\":\"SonicJs Background2.png\",\"contentType\":\"media\",\"src\":\"/assets/uploads/SonicJs Background2.png\",\"url\":\"/sonicjs-background2-ppCfkk\"}","contentTypeId":"media","createdByUserId":"81509d75-7932-49f3-9acf-8c32e46f3c25","lastUpdatedByUserId":"81509d75-7932-49f3-9acf-8c32e46f3c25","createdOn":"2022-10-21T16:58:50.455Z","updatedOn":"2022-10-21T16:58:50.455Z","url":"/sonicjs-background2-ppCfkk"}