{"id":"c49fbe00-baf4-43ab-a33a-46c20324ed26","data":"{\"title\":\"Main\",\"contentType\":\"menu\",\"links\":[{\"id\":\"NQ6YeBCClIQ\",\"text\":\"Home\",\"icon\":\"fa fa-chevron-right\",\"li_attr\":{\"id\":\"NQ6YeBCClIQ\"},\"a_attr\":{\"href\":\"#\",\"id\":\"NQ6YeBCClIQ_anchor\"},\"state\":{\"loaded\":true,\"opened\":false,\"selected\":true,\"disabled\":false},\"data\":{\"id\":\"NQ6YeBCClIQ\",\"title\":\"Home\",\"url\":\"/\",\"showInMenu\":true,\"showChildren\":false},\"children\":[],\"type\":\"default\"},{\"id\":\"d386odu3paa\",\"text\":\"Blog\",\"icon\":\"fa fa-chevron-right\",\"li_attr\":{\"id\":\"d386odu3paa\"},\"a_attr\":{\"href\":\"#\",\"id\":\"d386odu3paa_anchor\"},\"state\":{\"loaded\":true,\"opened\":false,\"selected\":false,\"disabled\":false},\"data\":{\"id\":\"d386odu3paa\",\"title\":\"Blog\",\"url\":\"/blog\",\"showInMenu\":true,\"showChildren\":false},\"children\":[],\"type\":\"default\"}],\"url\":\"/main-menu\"}","contentTypeId":"menu","createdByUserId":"0","lastUpdatedByUserId":"eb2e0373-c7f1-4231-b89d-c7f0eb23a78b","createdOn":"2022-01-15T01:34:04.539Z","updatedOn":"2022-01-18T01:38:11.946Z","url":"/main-menu"}