{"id":"c57e3b32-3109-4702-9c17-16d6b2734e01","data":"{\"permissionAccessControls\":[{\"title\":\"view\"},{\"title\":\"create\"},{\"title\":\"edit\"},{\"title\":\"delete\"}],\"submit\":true,\"contentType\":\"site-settings-acls\",\"url\":\"/sitesettingsacls-pAZ4qg\"}","contentTypeId":"site-settings-acls","createdByUserId":"89085a1a-2c59-4acb-936f-dbfff4b02002","lastUpdatedByUserId":"89085a1a-2c59-4acb-936f-dbfff4b02002","createdOn":"2022-07-21T00:59:52.859Z","updatedOn":"2022-07-21T00:59:52.859Z","url":"/sitesettingsacls-pAZ4qg"}