{"id":"db45570f-703d-4beb-9165-81b7f6d3f81a","data":"{\"title\":\"Section 1\",\"contentType\":\"section\",\"rows\":[{\"class\":\"row\",\"columns\":[{\"class\":\"col-md-9\",\"content\":[{\"content\":\"[BLOG id=\\\"9f3cb86b-983c-4d02-b656-847041d6e610\\\"]\"}]},{\"class\":\"col-md-3\",\"content\":[{\"content\":\"[TITLE id=\\\"90b21a88-4010-4892-8e4c-f043482228c6\\\"]\"},{\"content\":\"[TAXONOMY id=\\\"e28e9e4f-7968-45ea-9c8d-402f66928fd5\\\"]\"}]}]}],\"url\":\"/section-1-QcrJ89\"}","contentTypeId":"section","createdByUserId":"eb2e0373-c7f1-4231-b89d-c7f0eb23a78b","lastUpdatedByUserId":"69413190-833b-4318-ae46-219d690260a9","createdOn":"2022-01-18T01:32:40.697Z","updatedOn":"2022-10-13T16:35:39.942Z","url":"/section-1-QcrJ89"}