{"id":"dc03140e-d529-4e61-987f-a11783584167","data":"{\"roles\":[{\"title\":\"Anonymous\",\"key\":\"anonymous\",\"description\":\"\"},{\"title\":\"Authenticated\",\"key\":\"authenticated\",\"description\":\"\"},{\"title\":\"Admin\",\"key\":\"admin\",\"description\":\"\"}],\"submit\":true,\"contentType\":\"roles\",\"url\":\"/roles-AAcldH\"}","contentTypeId":"roles","createdByUserId":"89085a1a-2c59-4acb-936f-dbfff4b02002","lastUpdatedByUserId":"89085a1a-2c59-4acb-936f-dbfff4b02002","createdOn":"2022-07-20T02:11:36.058Z","updatedOn":"2022-07-21T01:53:14.556Z","url":"/roles-AAcldH"}