{"id":"e52fa26a-4d77-4cee-8fe0-b557cb47ea09","data":"{\"icon\":\"book\",\"title\":\"Learn More\",\"description\":\"Ready to build your own custom module/theme or want to dig deeper? Check out the online docs. \",\"buttonText\":\"Documentation\",\"buttonLink\":\"https://sonicjs.com/docs\",\"submit\":true,\"contentType\":\"feature-box\",\"url\":\"/next-steps-GO4SIN\"}","contentTypeId":"feature-box","createdByUserId":"eb2e0373-c7f1-4231-b89d-c7f0eb23a78b","lastUpdatedByUserId":"81509d75-7932-49f3-9acf-8c32e46f3c25","createdOn":"2022-01-18T01:41:49.798Z","updatedOn":"2022-10-20T19:58:07.011Z","url":"/next-steps-GO4SIN"}