{"id":"e52fa26a-4d77-4cee-8fe0-b557cb47ea09","data":"{\"icon\":\"book\",\"title\":\"Next Steps\",\"description\":\"Ready to build your own custom module/theme or want to dig deeper? Check out the online docs. \",\"buttonText\":\"Documentation\",\"buttonLink\":\"https://sonicjs.com/docs\",\"submit\":true,\"contentType\":\"feature-box\",\"url\":\"/next-steps-GO4SIN\"}","contentTypeId":"feature-box","createdByUserId":"eb2e0373-c7f1-4231-b89d-c7f0eb23a78b","lastUpdatedByUserId":"eb2e0373-c7f1-4231-b89d-c7f0eb23a78b","createdOn":"2022-01-18T01:41:49.798Z","updatedOn":"2022-01-18T01:42:23.536Z","url":"/next-steps-GO4SIN"}